m_ids,hh_ids,edu_i_enrolled,edu_i_attain,edu_i_attain_yrs
"56134390476100000","KELDK01",0,"Primary (some or complete)",8
"56134390654900000","KELDK01",0,"Secondary (some or complete)",10
"56134392820800000","KELDK01",1,"Primary (some or complete)",3
"56134392826900000","KELDK01",0,"No education",0
"56134389503000000","KELDK02",0,"Primary (some or complete)",8
"56134389772300000","KELDK02",0,"Primary (some or complete)",2
"56134392211100000","KELDK02",1,"Secondary (some or complete)",9
"56134410699600000","KELDK08",0,"Primary (some or complete)",5
"56134410709700000","KELDK08",0,"Primary (some or complete)",8
"56134410715700000","KELDK08",0,"No education",0
"56134329944600000","KELDK09",0,"Secondary (some or complete)",10
"56134330079300000","KELDK09",1,"Nursery/ Kindergarten",5
"56134337157200000","KELDK10",0,"Secondary (some or complete)",10
"65134436228800000","KELDK12",0,"Primary (some or complete)",6
"65134436388200000","KELDK12",0,"Primary (some or complete)",7
"65134436576000000","KELDK12",1,"No education",0
"65134436657100000","KELDK12",0,"No education",0
"56134337440100000","KELDK13",0,"Primary (some or complete)",7
"56134337455200000","KELDK13",1,"Primary (some or complete)",5
"56134337464100000","KELDK13",1,"Primary (some or complete)",3
"56134337480200000","KELDK13",0,"Nursery/ Kindergarten",0
"56134346314800000","KELDK14",0,"Primary (some or complete)",7
"105136582880100000","KELDK14",0,,
"105136582937000000","KELDK14",0,"Secondary (some or complete)",12
"105136946020400000","KELDK14",0,"Secondary (some or complete)",11
"65134433094700000","KELDK15",0,"Primary (some or complete)",6
"65134433107300000","KELDK15",0,"Primary (some or complete)",8
"65134433117500000","KELDK15",0,"Primary (some or complete)",8
"65134433126000000","KELDK15",1,"No education",0
"65134433132000000","KELDK15",0,"No education",0
"65134426405900000","KELDK16",0,"Primary (some or complete)",6
"65134426534400000","KELDK16",0,"Primary (some or complete)",7
"65134426544600000","KELDK16",1,"No education",0
"65134426552800000","KELDK16",0,"No education",0
"65134426561400000","KELDK16",0,"No education",0
"56134329355600000","KELDK17",0,"Primary (some or complete)",8
"56134329365500000","KELDK17",1,"Nursery/ Kindergarten",0
"56134329370700000","KELDK17",1,"Nursery/ Kindergarten",0
"56134329375100000","KELDK17",1,"Nursery/ Kindergarten",0
"56134329382800000","KELDK17",1,"Nursery/ Kindergarten",0
"56134329387200000","KELDK17",1,"Nursery/ Kindergarten",0
"56134329392900000","KELDK17",1,"Nursery/ Kindergarten",0
"56134329400000000","KELDK17",1,"Nursery/ Kindergarten",0
"56134329407000000","KELDK17",1,"Nursery/ Kindergarten",0
"56134328473900000","KELDK18",0,"Secondary (some or complete)",11
"56134328720400000","KELDK18",0,"Primary (some or complete)",6
"56134328845500000","KELDK18",0,"Primary (some or complete)",4
"56134328862400000","KELDK18",1,"Secondary (some or complete)",12
"56134328868100000","KELDK18",1,"Primary (some or complete)",6
"105136574775800000","KELDK18",1,"Secondary (some or complete)",15
"56134388724900000","KELDK19",0,"Primary (some or complete)",8
"56134391399600000","KELDK19",0,"Primary (some or complete)",5
"56134391540900000","KELDK19",1,"Primary (some or complete)",8
"56134391548700000","KELDK19",1,"Primary (some or complete)",4
"56134391555000000","KELDK19",1,"Primary (some or complete)",3
"56134391570800000","KELDK19",1,"No education",0
"105137579465700000","KELDK19",0,"No education",0
"65134442600100000","KELDK20",0,"Primary (some or complete)",7
"65134442822400000","KELDK20",0,"Primary (some or complete)",7
"65134442830700000","KELDK20",1,"Primary (some or complete)",7
"65134442840400000","KELDK20",0,"Primary (some or complete)",3
"65134442848200000","KELDK20",1,"Nursery/ Kindergarten",0
"65134442853800000","KELDK20",1,"No education",0
"65134441422200000","KELDK21",0,"Post-secondary (some or complete)",
"65134441430300000","KELDK21",0,"Secondary (some or complete)",10
"65134441440100000","KELDK21",1,"Secondary (some or complete)",12
"65134441454200000","KELDK21",0,"No education",0
"56134346796800000","KELDK22",0,"No education",0
"56134347076500000","KELDK22",1,"Primary (some or complete)",
"56134347086100000","KELDK22",1,"Nursery/ Kindergarten",0
"56134350017600000","KELDK22",0,"No education",0
"56134356498800000","KELDK23",0,"Primary (some or complete)",5
"56134380246800000","KELDK24",0,"Primary (some or complete)",8
"84136557722100000","KELDK24",0,"Primary (some or complete)",5
"105136980992800000","KELDK24",1,"Primary (some or complete)",8
"105137525539200000","KELDK24",,,
"105137525627100000","KELDK24",,,
"105137525718300000","KELDK24",,,
"105137525767700000","KELDK24",0,"Secondary (some or complete)",12
"56134363834500000","KELDK25",0,"Primary (some or complete)",4
"56134356844200000","KELDK27",0,"Primary (some or complete)",8
"105136530871900000","KELDK27",0,"Primary (some or complete)",7
"105136531006400000","KELDK27",0,"Primary (some or complete)",4
"65134432603700000","KELDK28",0,"Primary (some or complete)",8
"65134432610100000","KELDK28",0,"Secondary (some or complete)",12
"65134432619200000","KELDK28",1,"Primary (some or complete)",6
"65134432627700000","KELDK28",1,"Primary (some or complete)",6
"65134432639500000","KELDK28",0,"No education",0
"56134356046300000","KELDK29",0,"No education",0
"56134356200500000","KELDK29",0,"Primary (some or complete)",5
"56134356379000000","KELDK29",1,"No education",0
"56134406024800000","KELDK30",0,"Primary (some or complete)",4
"56134406040500000","KELDK30",0,"Primary (some or complete)",8
"56134406057100000","KELDK30",1,,
"56134406066400000","KELDK30",1,"No education",0
"56134406071900000","KELDK30",1,"No education",0
"56134406078800000","KELDK30",0,"No education",0
"56134406111200000","KELDK30",0,"No education",0
"65134435629400000","KELDK31",0,"Primary (some or complete)",8
"65134435747500000","KELDK31",0,"Primary (some or complete)",7
"65134435804600000","KELDK31",1,"No education",0
"65134435814400000","KELDK31",1,"No education",0
"65134435821000000","KELDK31",0,"No education",0
"56134398775400000","KELDK32",0,"Primary (some or complete)",5
"56134398810900000","KELDK32",0,"Primary (some or complete)",5
"56134398816500000","KELDK32",1,"No education",0
"56134398820500000","KELDK32",1,"No education",0
"56134398826400000","KELDK32",0,"No education",0
"56134398832400000","KELDK32",0,"No education",0
"56134364399500000","KELDK33",0,"No education",0
"56134371500500000","KELDK33",0,"No education",0
"56134371690700000","KELDK33",1,"Primary (some or complete)",8
"56134371825500000","KELDK33",1,"Primary (some or complete)",6
"56134371973100000","KELDK33",1,"Primary (some or complete)",6
"56134372140200000","KELDK33",1,"Primary (some or complete)",1
"56134372145900000","KELDK33",1,"Primary (some or complete)",1
"56134381592900000","KELDK36",0,"Primary (some or complete)",8
"56134382808300000","KELDK36",0,"Post-secondary (some or complete)",13
"56134382818300000","KELDK36",1,"Nursery/ Kindergarten",0
"56134382828200000","KELDK36",1,,
"56134382848000000","KELDK36",1,,
"65134432002400000","KELDK37",0,"Primary (some or complete)",8
"65134432186900000","KELDK37",0,"Primary (some or complete)",6
"65134432196800000","KELDK37",1,"Nursery/ Kindergarten",0
"65134432206400000","KELDK37",1,,
"65134432213000000","KELDK37",1,"No education",0
"65134432223800000","KELDK37",0,"No education",0
"56134397318700000","KELDK38",0,"Post-secondary (some or complete)",13
"56134397326000000","KELDK38",0,"Secondary (some or complete)",10
"56134397332300000","KELDK38",1,"Secondary (some or complete)",13
"56134380729800000","KELDK40",0,"Secondary (some or complete)",12
"56134380965500000","KELDK40",0,"Primary (some or complete)",8
"50136852536300000","KELDL01",,,
"58134459163100000","KELDL01",0,"Secondary (some or complete)",12
"58134463313300000","KELDL01",0,"Secondary (some or complete)",12
"108137697856600000","KELDL01",1,"Primary (some or complete)",8
"58134383397900000","KELDL02",0,"Secondary (some or complete)",12
"58134383535800000","KELDL02",0,"Post-secondary (some or complete)",13
"58134383625000000","KELDL02",1,"No education",0
"58134384903200000","KELDL02",0,"No education",0
"58134425834800000","KELDL05",0,"Secondary (some or complete)",10
"58134436274600000","KELDL05",1,,
"58134436461300000","KELDL05",1,,
"58134436548100000","KELDL05",0,"No education",0
"58134425396600000","KELDL09",0,"Primary (some or complete)",6
"58134425506600000","KELDL09",0,"Primary (some or complete)",4
"58134381514300000","KELDL10",0,"Primary (some or complete)",8
"58134381695100000","KELDL10",0,"No education",0
"58134381826000000","KELDL10",0,"No education",0
"58134381936700000","KELDL10",0,"No education",0
"58134382346100000","KELDL13",0,"Primary (some or complete)",7
"58134382551600000","KELDL13",1,"Primary (some or complete)",3
"58134382700600000","KELDL13",0,"Primary (some or complete)",8
"58136007096400000","KELDL13",0,"Secondary (some or complete)",12
"50136860192300000","KELDL15",0,"No education",0
"58134458005600000","KELDL15",0,"Secondary (some or complete)",12
"58134458139200000","KELDL15",0,"Primary (some or complete)",4
"58134458246400000","KELDL15",1,"Secondary (some or complete)",11
"58134458351300000","KELDL15",1,"Secondary (some or complete)",11
"58134458424900000","KELDL15",1,"Secondary (some or complete)",10
"58134458523200000","KELDL15",1,"Primary (some or complete)",3
"58134461931900000","KELDL15",1,"Nursery/ Kindergarten",0
"58134441196400000","KELDS01",0,,
"58134441503200000","KELDS01",0,"Secondary (some or complete)",12
"58134441567700000","KELDS01",1,"Primary (some or complete)",3
"108136868079500000","KELDS01",0,"Primary (some or complete)",8
"108136868146400000","KELDS01",0,"No education",0
"108137000113800000","KELDS01",0,"Nursery/ Kindergarten",0
"58134389681800000","KELDS02",0,"Primary (some or complete)",7
"58134389868000000","KELDS02",0,"Primary (some or complete)",6
"58134389960000000","KELDS02",0,"Primary (some or complete)",5
"58134390041200000","KELDS02",1,"Nursery/ Kindergarten",0
"58134390138500000","KELDS02",1,"Nursery/ Kindergarten",0
"58134397778000000","KELDS02",1,"Nursery/ Kindergarten",0
"58134397858000000","KELDS02",1,"Nursery/ Kindergarten",0
"50136887042200000","KELDS03",1,"Nursery/ Kindergarten",0
"50136887191900000","KELDS03",1,"Post-secondary (some or complete)",13
"50136902584500000","KELDS03",0,"No education",0
"58134364145800000","KELDS03",0,"Primary (some or complete)",5
"58134364412400000","KELDS03",0,"No education",0
"58134364537300000","KELDS03",1,"Secondary (some or complete)",10
"58134375961000000","KELDS03",0,"Secondary (some or complete)",12
"58134376713400000","KELDS03",1,"Primary (some or complete)",3
"58134376789800000","KELDS03",1,"Nursery/ Kindergarten",0
"50136878907900000","KELDS05",0,"Primary (some or complete)",8
"58134364754000000","KELDS05",0,"Primary (some or complete)",3
"58134364974400000","KELDS05",0,"Primary (some or complete)",3
"58134365094600000","KELDS05",0,"Primary (some or complete)",4
"58134365288000000","KELDS05",1,"Nursery/ Kindergarten",0
"58134365348300000","KELDS05",1,"No education",0
"58134365374400000","KELDS05",0,"No education",0
"58134365402200000","KELDS05",0,"No education",0
"58134365434500000","KELDS05",1,,
"58135341695900000","KELDS05",,,
"58135341729000000","KELDS05",,,
"58134390339800000","KELDS06",0,"Primary (some or complete)",8
"58134390510800000","KELDS06",0,"Primary (some or complete)",5
"58134390594300000","KELDS06",0,"Secondary (some or complete)",11
"58134390845600000","KELDS06",0,"Secondary (some or complete)",12
"58134396736300000","KELDS06",0,"Primary (some or complete)",8
"58134396852300000","KELDS06",0,"Secondary (some or complete)",12
"58134396918800000","KELDS06",0,"Secondary (some or complete)",12
"58134396986800000","KELDS06",1,,
"58134397126200000","KELDS06",1,"Nursery/ Kindergarten",0
"58134397200000000","KELDS06",1,,
"58134397370200000","KELDS06",0,,
"58134397464900000","KELDS06",1,,
"58134397613800000","KELDS06",0,"No education",0
"108136904978700000","KELDS06",0,"Secondary (some or complete)",9
"108136907329600000","KELDS06",,,
"58134399852000000","KELDS07",0,"Primary (some or complete)",8
"58134401806900000","KELDS07",1,"Nursery/ Kindergarten",0
"58134401969100000","KELDS07",0,"No education",0
"58134402068100000","KELDS07",0,"No education",0
"58134408186100000","KELDS09",0,"Secondary (some or complete)",11
"58134408335700000","KELDS09",1,"Nursery/ Kindergarten",0
"58134408426400000","KELDS09",0,"No education",0
"108137146610100000","KELDS09",1,,
"58134399523200000","KELDS10",0,"No education",0
"58134402196900000","KELDS10",1,"Nursery/ Kindergarten",0
"58134402315200000","KELDS10",1,,
"58134402450300000","KELDS10",1,"Nursery/ Kindergarten",0
"58134407086100000","KELDS11",0,"Secondary (some or complete)",12
"108136886324700000","KELDS11",1,"Nursery/ Kindergarten",0
"58134434450500000","KELDS12",0,"Primary (some or complete)",8
"58134439981000000","KELDS12",1,"Nursery/ Kindergarten",0
"58134439993700000","KELDS12",1,"No education",0
"58134372720800000","KELDS14",0,"Secondary (some or complete)",10
"58134363374100000","KELDS15",0,"Secondary (some or complete)",12
"58134363781800000","KELDS15",0,"Secondary (some or complete)",11
"58134363934000000","KELDS15",1,"Primary (some or complete)",1
"58134363999700000","KELDS15",1,"No education",0
"58134367653800000","KELDS15",0,"No education",0
"58134367746600000","KELDS15",0,"No education",0
"58134367843500000","KELDS15",1,"Nursery/ Kindergarten",0
"58134436874000000","KELDS16",0,"Primary (some or complete)",8
"58134437001800000","KELDS16",1,"Primary (some or complete)",3
"58134437099700000","KELDS16",1,,
"58134437196300000","KELDS16",1,,
"58134437258500000","KELDS16",1,"No education",0
"58134433254800000","KELDS17",0,"Secondary (some or complete)",9
"58134433388100000","KELDS17",0,"Primary (some or complete)",8
"58134433485700000","KELDS17",1,,
"58134439655500000","KELDS17",1,"Primary (some or complete)",3
"58134439772300000","KELDS17",1,,
"58134439855700000","KELDS17",1,"No education",0
"58134440722400000","KELDS18",0,"Secondary (some or complete)",10
"58134440919300000","KELDS18",1,"Primary (some or complete)",7
"58134441026900000","KELDS18",0,"No education",0
"108136992014300000","KELDS18",,,
"108136992020400000","KELDS18",1,,
"58134407511100000","KELDS19",0,"Secondary (some or complete)",12
"58134407652600000","KELDS19",0,"Primary (some or complete)",8
"58134407735600000","KELDS19",1,"Secondary (some or complete)",11
"58134407860500000","KELDS19",1,"Primary (some or complete)",6
"58134407952600000","KELDS19",1,"Nursery/ Kindergarten",0
"58134408031200000","KELDS19",0,"No education",0
"58134398914700000","KELDS20",0,"Secondary (some or complete)",11
"58134399068700000","KELDS20",0,"Primary (some or complete)",8
"58134399151500000","KELDS20",1,"Nursery/ Kindergarten",0
"58134399276600000","KELDS20",1,"Nursery/ Kindergarten",0
"58134399340500000","KELDS20",0,"No education",0
"58134434718200000","KELDS23",0,"Primary (some or complete)",8
"58134449531200000","KELDS23",1,"Primary (some or complete)",8
"108136932369600000","KELDS23",1,"Nursery/ Kindergarten",0
"58134391277200000","KELDS24",0,"Primary (some or complete)",8
"58134391478200000","KELDS24",0,"Primary (some or complete)",8
"58134391590500000","KELDS24",1,"Primary (some or complete)",
"58134391695200000","KELDS24",1,"Primary (some or complete)",
"58134391765900000","KELDS24",0,"No education",0
"58134466070900000","KELDS26",0,"Secondary (some or complete)",12
"58134466180200000","KELDS26",0,"Primary (some or complete)",8
"58134466289300000","KELDS26",1,"Primary (some or complete)",8
"58134466407500000","KELDS26",1,"Primary (some or complete)",
"58134466496200000","KELDS26",1,"Primary (some or complete)",
"58134437425900000","KELDS27",0,"Primary (some or complete)",8
"58134437581200000","KELDS27",0,"Primary (some or complete)",6
"58134444870500000","KELDS28",0,"Primary (some or complete)",5
"58134445155500000","KELDS28",0,"Primary (some or complete)",7
"58134445363100000","KELDS28",0,"No education",0
"58135965540500000","KELDS28",0,"Secondary (some or complete)",12
"63134424674400000","KMAKE01",0,"Primary (some or complete)",7
"63134424828000000","KMAKE01",0,"Primary (some or complete)",6
"63134424910300000","KMAKE01",1,"Primary (some or complete)",8
"63134424970400000","KMAKE01",1,"Nursery/ Kindergarten",0
"63134425028500000","KMAKE01",1,"Nursery/ Kindergarten",0
"63134425089200000","KMAKE01",0,"No education",0
"63134450468300000","KMAKE03",0,"Secondary (some or complete)",12
"63134450586000000","KMAKE03",1,"Nursery/ Kindergarten",0
"63134450643400000","KMAKE03",0,"No education",0
"63134450675800000","KMAKE03",1,"Primary (some or complete)",8
"63134449728600000","KMAKE05",0,"Secondary (some or complete)",11
"63134449858800000","KMAKE05",0,"Primary (some or complete)",7
"63134449911400000","KMAKE05",0,"Secondary (some or complete)",9
"63134449972000000","KMAKE05",0,"Secondary (some or complete)",12
"63134450042000000","KMAKE05",1,"Nursery/ Kindergarten",0
"63134450083000000","KMAKE05",1,"Nursery/ Kindergarten",0
"63134450127100000","KMAKE05",1,"Nursery/ Kindergarten",0
"63134450172800000","KMAKE05",0,"No education",0
"63134425702500000","KMAKE06",0,"Secondary (some or complete)",10
"63134425886300000","KMAKE06",0,"Secondary (some or complete)",12
"63134425969100000","KMAKE06",0,"Secondary (some or complete)",12
"63134426010400000","KMAKE06",1,"Primary (some or complete)",8
"63134426053700000","KMAKE06",1,"Nursery/ Kindergarten",0
"63134362976500000","KMAKE07",0,"Primary (some or complete)",7
"63134363237200000","KMAKE07",0,"Primary (some or complete)",7
"63134363352000000","KMAKE07",1,"Nursery/ Kindergarten",0
"63134363390100000","KMAKE07",1,"Nursery/ Kindergarten",0
"63134363453400000","KMAKE07",1,"Nursery/ Kindergarten",0
"63134363484900000","KMAKE07",0,"Secondary (some or complete)",12
"63134364973600000","KMAKE08",0,"Primary (some or complete)",3
"63134365203900000","KMAKE08",0,"Secondary (some or complete)",12
"63134365575800000","KMAKE08",1,"Secondary (some or complete)",13
"63134365728700000","KMAKE08",1,"Nursery/ Kindergarten",0
"63134389911000000","KMAKE09",0,"Secondary (some or complete)",9
"63134390012700000","KMAKE09",0,"Secondary (some or complete)",10
"63134390141900000","KMAKE09",0,"Secondary (some or complete)",12
"63134390200000000","KMAKE09",0,"Secondary (some or complete)",12
"63134390242800000","KMAKE09",0,"No education",0
"63134373467400000","KMAKE10",0,"Secondary (some or complete)",10
"63134373665400000","KMAKE10",1,"Nursery/ Kindergarten",0
"63134373723800000","KMAKE10",1,"Nursery/ Kindergarten",0
"63134373754600000","KMAKE10",0,"No education",0
"63134399377500000","KMAKE11",0,"Primary (some or complete)",8
"63134399554200000","KMAKE11",1,"Nursery/ Kindergarten",0
"63134399619700000","KMAKE11",1,"Nursery/ Kindergarten",0
"63134399652100000","KMAKE11",1,"Nursery/ Kindergarten",0
"63134399686000000","KMAKE11",0,"No education",0
"111137355987300000","KMAKE11",0,"No education",0
"63134381158900000","KMAKE12",0,"Secondary (some or complete)",10
"63134381438500000","KMAKE12",1,"Nursery/ Kindergarten",0
"63134381512200000","KMAKE12",1,"Nursery/ Kindergarten",0
"63134381557600000","KMAKE12",1,"Nursery/ Kindergarten",0
"63134381601200000","KMAKE12",1,"Nursery/ Kindergarten",0
"63134381632000000","KMAKE12",0,"No education",0
"63134381663300000","KMAKE12",0,"Primary (some or complete)",8
"63134441099900000","KMAKE13",0,"Primary (some or complete)",8
"63134441217200000","KMAKE13",1,"Nursery/ Kindergarten",0
"63134441262900000","KMAKE13",1,"Nursery/ Kindergarten",0
"63134441322700000","KMAKE13",1,"Nursery/ Kindergarten",0
"63134441573500000","KMAKE13",0,"Secondary (some or complete)",12
"63134390408500000","KMAKE14",0,"Post-secondary (some or complete)",15
"63134390597700000","KMAKE14",0,"No education",0
"63134347224900000","KMAKE15",0,"Post-secondary (some or complete)",13
"63134347408300000","KMAKE15",1,"Nursery/ Kindergarten",0
"63134347468700000","KMAKE15",0,"No education",0
"63134347525300000","KMAKE15",0,"Primary (some or complete)",6
"63134346376200000","KMAKE16",0,"Secondary (some or complete)",12
"63134346560800000","KMAKE16",1,"Nursery/ Kindergarten",0
"63134346650300000","KMAKE16",1,"Nursery/ Kindergarten",0
"63134346691900000","KMAKE16",1,"No education",0
"63134372285300000","KMAKE17",0,"Primary (some or complete)",8
"63134372479200000","KMAKE17",1,"Primary (some or complete)",8
"63134372552000000","KMAKE17",1,"Nursery/ Kindergarten",0
"63134372610400000","KMAKE17",1,"Nursery/ Kindergarten",0
"63134372678500000","KMAKE17",1,"No education",0
"63134372777000000","KMAKE18",0,"Secondary (some or complete)",10
"63134373011100000","KMAKE18",0,"No education",0
"63134373091900000","KMAKE18",0,"Secondary (some or complete)",10
"63134442641500000","KMAKE20",0,"Primary (some or complete)",3
"63134442821600000","KMAKE20",1,"Nursery/ Kindergarten",0
"63134442931000000","KMAKE20",1,"Nursery/ Kindergarten",0
"63134382825300000","KMAKE21",0,"Primary (some or complete)",8
"63134382995300000","KMAKE21",1,"Primary (some or complete)",8
"63134383044900000","KMAKE21",1,"Nursery/ Kindergarten",0
"63134432906200000","KMAKE23",0,"Primary (some or complete)",5
"63134433127200000","KMAKE23",1,"Nursery/ Kindergarten",0
"63134433165200000","KMAKE23",1,"Nursery/ Kindergarten",0
"63134433230000000","KMAKE23",0,"No education",0
"63134433300700000","KMAKE23",1,"Nursery/ Kindergarten",0
"63134433360400000","KMAKE23",0,"Primary (some or complete)",8
"63134458362700000","KMAKE25",0,"Primary (some or complete)",8
"63134458477800000","KMAKE25",1,"Nursery/ Kindergarten",0
"63134458544600000","KMAKE25",1,"Nursery/ Kindergarten",0
"63134458592800000","KMAKE25",1,"No education",0
"63134417148900000","KMAKE27",0,"Primary (some or complete)",8
"63134417371400000","KMAKE27",0,"Secondary (some or complete)",12
"63134417498200000","KMAKE27",1,"Nursery/ Kindergarten",0
"63134417541200000","KMAKE27",0,"No education",0
"63134399829300000","KMAKE28",0,"Secondary (some or complete)",10
"63134400050400000","KMAKE28",1,"Nursery/ Kindergarten",0
"63134400096200000","KMAKE28",1,"Nursery/ Kindergarten",0
"63134400138100000","KMAKE28",1,"No education",0
"63134363615400000","KMAKE29",0,"Primary (some or complete)",8
"63134363763200000","KMAKE29",0,"Primary (some or complete)",7
"63134363865800000","KMAKE29",1,"Primary (some or complete)",8
"63134363928300000","KMAKE29",1,"Nursery/ Kindergarten",0
"63134363973200000","KMAKE29",1,"Nursery/ Kindergarten",0
"63134364016200000","KMAKE29",1,"Nursery/ Kindergarten",0
"63134382172900000","KMAKE30",0,"Secondary (some or complete)",12
"63134382298300000","KMAKE30",0,"Primary (some or complete)",4
"63134382437700000","KMAKE30",0,"Secondary (some or complete)",12
"63134382530200000","KMAKE30",1,"Nursery/ Kindergarten",0
"63134382563500000","KMAKE30",1,"Nursery/ Kindergarten",0
"63134382595600000","KMAKE30",1,"Nursery/ Kindergarten",0
"63134380563500000","KMAKE32",0,"Primary (some or complete)",8
"63134380715900000","KMAKE32",1,"Primary (some or complete)",8
"63134380833100000","KMAKE32",1,"Nursery/ Kindergarten",0
"63134380895600000","KMAKE32",1,"Nursery/ Kindergarten",0
"63134380927800000","KMAKE32",1,"Nursery/ Kindergarten",0
"63134380960800000","KMAKE32",1,"Nursery/ Kindergarten",0
"63134380993100000","KMAKE32",0,"No education",0
"63134398303000000","KMAKE33",0,"Primary (some or complete)",5
"63134398497100000","KMAKE33",0,"Primary (some or complete)",1
"63134398581600000","KMAKE33",1,"Primary (some or complete)",8
"63134364423800000","KMAKE34",0,"Secondary (some or complete)",12
"63134364606500000","KMAKE34",0,"Primary (some or complete)",2
"63134364693800000","KMAKE34",1,"Primary (some or complete)",8
"63134364734600000","KMAKE34",1,"Primary (some or complete)",
"63134338421700000","KMAKE35",0,"Primary (some or complete)",7
"63134338685500000","KMAKE35",1,"Nursery/ Kindergarten",0
"63134338838900000","KMAKE35",1,"Nursery/ Kindergarten",0
"63134338950500000","KMAKE35",1,"Nursery/ Kindergarten",0
"63134339047400000","KMAKE35",1,"Nursery/ Kindergarten",0
"63134339142600000","KMAKE35",1,"Nursery/ Kindergarten",0
"63134339235300000","KMAKE35",1,"Nursery/ Kindergarten",0
"63134339322200000","KMAKE35",0,"No education",0
"63134339375600000","KMAKE35",0,"No education",0
"63134339444200000","KMAKE35",0,"No education",0
"63134459271600000","KMAKE36",1,"Nursery/ Kindergarten",0
"63134459383200000","KMAKE36",0,"Primary (some or complete)",7
"63134459480400000","KMAKE36",1,"Nursery/ Kindergarten",0
"63134459535000000","KMAKE36",1,"Nursery/ Kindergarten",0
"63134459785700000","KMAKE37",1,"Secondary (some or complete)",12
"63134459963700000","KMAKE37",0,"Secondary (some or complete)",12
"63134460036800000","KMAKE37",0,"Secondary (some or complete)",12
"63134460075000000","KMAKE37",0,"No education",0
"65134328986000000","KMAKL01",0,"Secondary (some or complete)",9
"65134329312700000","KMAKL01",1,"Nursery/ Kindergarten",0
"65134329424000000","KMAKL01",1,"Nursery/ Kindergarten",0
"65134329513600000","KMAKL01",0,"No education",0
"65134329605000000","KMAKL01",0,"No education",0
"65137990548300000","KMAKL01",,,
"65134329746600000","KMAKL02",0,"Primary (some or complete)",8
"65134330009200000","KMAKL02",1,"Nursery/ Kindergarten",0
"65134330096200000","KMAKL02",1,"No education",0
"65134330169500000","KMAKL02",0,"Nursery/ Kindergarten",0
"65134571041600000","KMAKL02",0,"Primary (some or complete)",8
"65134433932100000","KMAKL05",0,"Primary (some or complete)",8
"65134434107500000","KMAKL05",0,"Primary (some or complete)",8
"65134435667400000","KMAKL05",1,"Nursery/ Kindergarten",0
"65134435988200000","KMAKL05",1,"Nursery/ Kindergarten",0
"65134436037500000","KMAKL05",0,"No education",0
"65134436089400000","KMAKL05",0,,
"65134436146900000","KMAKL05",0,"Primary (some or complete)",7
"65134389278900000","KMAKL06",0,"Secondary (some or complete)",9
"65134389522800000","KMAKL06",0,"Secondary (some or complete)",9
"65134391909400000","KMAKL06",1,"Nursery/ Kindergarten",0
"65134392001300000","KMAKL06",1,"Nursery/ Kindergarten",0
"65134392058500000","KMAKL06",1,"No education",0
"65134392146600000","KMAKL06",0,"No education",0
"65134372671600000","KMAKL07",0,"No education",0
"65134380761700000","KMAKL08",0,"Primary (some or complete)",7
"65134381045000000","KMAKL08",0,"Primary (some or complete)",6
"65134384006800000","KMAKL08",1,"Nursery/ Kindergarten",0
"65134384114000000","KMAKL08",1,"Nursery/ Kindergarten",0
"65134384465700000","KMAKL08",0,"No education",0
"65134381254800000","KMAKL09",0,"Primary (some or complete)",5
"65134381446700000","KMAKL09",0,"Primary (some or complete)",2
"65134384595500000","KMAKL09",1,"No education",0
"65134384787400000","KMAKL09",1,"No education",0
"65134381620800000","KMAKL10",0,"Primary (some or complete)",8
"65134381874200000","KMAKL10",0,"Secondary (some or complete)",12
"65134382764500000","KMAKL10",1,"Nursery/ Kindergarten",0
"65134383601100000","KMAKL10",1,"Nursery/ Kindergarten",0
"65134383674700000","KMAKL10",1,"Nursery/ Kindergarten",0
"65134383761600000","KMAKL10",1,"Nursery/ Kindergarten",0
"65134383825600000","KMAKL10",0,"No education",0
"65134383884900000","KMAKL10",0,"No education",0
"65134432872600000","KMAKL11",0,"Nursery/ Kindergarten",3
"65134433013100000","KMAKL11",0,"Nursery/ Kindergarten",5
"65134435327800000","KMAKL11",0,"Nursery/ Kindergarten",0
"65134435448300000","KMAKL11",1,"Nursery/ Kindergarten",0
"65134389716400000","KMAKL12",0,"Secondary (some or complete)",12
"65134389879300000","KMAKL12",0,"Secondary (some or complete)",12
"65134392205500000","KMAKL12",1,"Nursery/ Kindergarten",0
"65134392329600000","KMAKL12",1,"Nursery/ Kindergarten",0
"65134392398100000","KMAKL12",1,"Nursery/ Kindergarten",0
"65134510140100000","KMAKL12",0,"Primary (some or complete)",8
"65134365195600000","KMAKL13",0,"Primary (some or complete)",7
"65134367186800000","KMAKL13",1,"Nursery/ Kindergarten",0
"65134424870700000","KMAKL15",0,"Secondary (some or complete)",10
"65134426766200000","KMAKL15",0,"No education",0
"65134426843800000","KMAKL15",0,"Primary (some or complete)",8
"65134426910500000","KMAKL15",1,"Primary (some or complete)",
"65134427093200000","KMAKL15",1,"Primary (some or complete)",8
"65134427158000000","KMAKL15",1,"Nursery/ Kindergarten",0
"65134423801800000","KMAKL17",0,"Secondary (some or complete)",9
"65134423982500000","KMAKL17",0,"Secondary (some or complete)",12
"65134426095300000","KMAKL17",1,"Nursery/ Kindergarten",0
"65134426212200000","KMAKL17",1,"No education",0
"65134426304000000","KMAKL17",0,"No education",0
"65134426352800000","KMAKL17",1,"Nursery/ Kindergarten",0
"65134426437700000","KMAKL17",1,"Nursery/ Kindergarten",0
"65134426528200000","KMAKL17",1,"No education",0
"65134426577800000","KMAKL17",1,"Nursery/ Kindergarten",0
"65134440910900000","KMAKL18",0,"Primary (some or complete)",8
"65134441084800000","KMAKL18",0,"Primary (some or complete)",2
"65134441182100000","KMAKL18",0,"Primary (some or complete)",8
"65134443561800000","KMAKL18",1,"Nursery/ Kindergarten",0
"65134443635600000","KMAKL18",1,"Nursery/ Kindergarten",0
"65134443703500000","KMAKL18",1,"No education",0
"65134441763900000","KMAKL19",0,"Primary (some or complete)",4
"65134441893500000","KMAKL19",0,"Primary (some or complete)",4
"65134441978400000","KMAKL19",0,"Primary (some or complete)",8
"65134448654700000","KMAKL19",0,"Primary (some or complete)",8
"65134448749100000","KMAKL19",0,"Nursery/ Kindergarten",0
"65134448829700000","KMAKL19",0,"No education",0
"65134449181300000","KMAKL19",1,"No education",0
"65134449259300000","KMAKL19",0,"No education",0
"65134449386500000","KMAKL19",0,"No education",0
"65134433556000000","KMAKL21",0,"Primary (some or complete)",7
"65134436270300000","KMAKL21",1,"Nursery/ Kindergarten",0
"65134363634100000","KMAKL22",0,"Secondary (some or complete)",9
"65134363948700000","KMAKL22",0,"Primary (some or complete)",8
"65134367297400000","KMAKL22",1,"Nursery/ Kindergarten",0
"65134370457000000","KMAKL22",1,"Nursery/ Kindergarten",0
"65134370561200000","KMAKL22",1,"Nursery/ Kindergarten",0
"65134370629200000","KMAKL22",1,"Nursery/ Kindergarten",0
"65134370746200000","KMAKL22",1,"No education",0
"65134370819900000","KMAKL22",0,"No education",0
"65134370889800000","KMAKL22",0,"No education",0
"65134364671700000","KMAKL23",0,"Secondary (some or complete)",12
"65134364863900000","KMAKL23",0,"Primary (some or complete)",8
"65134371761500000","KMAKL23",0,"No education",0
"65134374509600000","KMAKL23",1,"Nursery/ Kindergarten",0
"65134374588800000","KMAKL23",1,"Nursery/ Kindergarten",0
"65134374660300000","KMAKL23",1,"No education",0
"65134374724400000","KMAKL23",0,"No education",0
"65134364190900000","KMAKL24",0,"Secondary (some or complete)",12
"65134364392000000","KMAKL24",0,"Secondary (some or complete)",12
"65134370986600000","KMAKL24",1,"Nursery/ Kindergarten",0
"65134371300100000","KMAKL24",1,"Nursery/ Kindergarten",0
"65134371372600000","KMAKL24",1,"Nursery/ Kindergarten",0
"65134371499900000","KMAKL24",1,"Nursery/ Kindergarten",0
"65134371560500000","KMAKL24",0,"No education",0
"65134371619400000","KMAKL24",0,"No education",0
"65138001339500000","KMAKL24",,,
"65134373122600000","KMAKL25",0,"Primary (some or complete)",7
"65134373335800000","KMAKL25",0,"Primary (some or complete)",8
"65134373478500000","KMAKL25",0,"No education",0
"65134379255200000","KMAKL25",1,"Nursery/ Kindergarten",0
"65134379343800000","KMAKL25",1,"Nursery/ Kindergarten",0
"65134379419000000","KMAKL25",1,"Nursery/ Kindergarten",0
"65134379507000000","KMAKL25",1,"Nursery/ Kindergarten",0
"65134379561700000","KMAKL25",0,"No education",0
"65134424524500000","KMAKL27",0,"Primary (some or complete)",7
"65134427552400000","KMAKL27",1,"Primary (some or complete)",8
"65134427667700000","KMAKL27",1,"Nursery/ Kindergarten",6
"65134427729600000","KMAKL27",1,"Nursery/ Kindergarten",0
"65134427841700000","KMAKL27",0,"No education",0
"65134433150300000","KMAKL28",0,"Primary (some or complete)",6
"65134433289200000","KMAKL28",0,"Secondary (some or complete)",12
"65134439653200000","KMAKL28",1,"Primary (some or complete)",8
"65134439708200000","KMAKL28",1,"Primary (some or complete)",8
"65134439800300000","KMAKL28",1,"Nursery/ Kindergarten",0
"65134439874000000","KMAKL28",1,"Nursery/ Kindergarten",0
"65134439962600000","KMAKL28",0,"No education",0
"65134442158600000","KMAKL29",0,"Primary (some or complete)",5
"65134442371600000","KMAKL29",0,"Primary (some or complete)",8
"65134444187100000","KMAKL29",1,"Primary (some or complete)",8
"65134444446500000","KMAKL29",1,"Nursery/ Kindergarten",0
"65134444529600000","KMAKL29",1,"Nursery/ Kindergarten",0
"65134444618000000","KMAKL29",1,"Nursery/ Kindergarten",0
"65134390587800000","KMAKL32",0,"Primary (some or complete)",2
"65134390776000000","KMAKL32",0,"Secondary (some or complete)",12
"65134392501900000","KMAKL32",1,"Nursery/ Kindergarten",0
"65134392624700000","KMAKL32",1,"No education",0
"65134392730600000","KMAKL32",1,"No education",0
"65136066653500000","KMAKL32",0,"Primary (some or complete)",7
"65134441530300000","KMAKL33",0,"Primary (some or complete)",5
"65134443854200000","KMAKL33",1,"Nursery/ Kindergarten",0
"65134443933400000","KMAKL33",1,"Nursery/ Kindergarten",0
"65134444004600000","KMAKL33",0,"No education",0
"65134382150500000","KMAKL34",0,"Secondary (some or complete)",10
"65134382364700000","KMAKL34",0,"Primary (some or complete)",7
"65134382449000000","KMAKL34",0,"Secondary (some or complete)",10
"65134382575700000","KMAKL34",1,"Nursery/ Kindergarten",0
"65134382641900000","KMAKL34",1,"Nursery/ Kindergarten",0
"65134424268800000","KMAKL36",0,"Primary (some or complete)",4
"65134424390400000","KMAKL36",0,"Primary (some or complete)",6
"65134430931600000","KMAKL36",1,"Primary (some or complete)",8
"65134431066600000","KMAKL36",1,"Primary (some or complete)",8
"65134431118300000","KMAKL36",0,"Nursery/ Kindergarten",0
"65134431196600000","KMAKL36",1,"Nursery/ Kindergarten",0
"65134431245900000","KMAKL36",1,"Nursery/ Kindergarten",0
"65134431346600000","KMAKL36",1,"Nursery/ Kindergarten",0
"65134431400000000","KMAKL36",1,"No education",0
"65134391087600000","KMAKL37",0,"Primary (some or complete)",8
"65134396219600000","KMAKL37",1,"Primary (some or complete)",8
"65134396357100000","KMAKL37",1,"Nursery/ Kindergarten",0
"65134396420500000","KMAKL37",1,"Nursery/ Kindergarten",0
"65134396494300000","KMAKL37",0,"No education",0
"65134330487000000","KMAKL38",0,"Primary (some or complete)",8
"65134330646200000","KMAKL38",0,"Primary (some or complete)",7
"65134330743700000","KMAKL38",1,"Primary (some or complete)",8
"65134330815200000","KMAKL38",1,"Nursery/ Kindergarten",0
"65134330823000000","KMAKL38",1,"Nursery/ Kindergarten",3
"65136514080800000","KMAKL38",0,"No education",0
"65134432169300000","KMAKL39",0,"Secondary (some or complete)",12
"65134432359300000","KMAKL39",0,"Secondary (some or complete)",9
"65134434716300000","KMAKL39",1,"Primary (some or complete)",8
"65134434811300000","KMAKL39",1,"Primary (some or complete)",8
"65134434894900000","KMAKL39",1,"Nursery/ Kindergarten",0
"65134434956400000","KMAKL39",1,"Nursery/ Kindergarten",0
"65134435082900000","KMAKL39",1,"Nursery/ Kindergarten",0
"65134435154200000","KMAKL39",0,"No education",0
"65134442721400000","KMAKL40",0,"Primary (some or complete)",7
"65134444715000000","KMAKL40",1,"Nursery/ Kindergarten",0
"65134444810100000","KMAKL40",1,"Nursery/ Kindergarten",0
"65134448442600000","KMAKL40",1,"Nursery/ Kindergarten",0
"65134448526000000","KMAKL40",0,"No education",0
"65136480701500000","KMAKL40",0,,
"57134338787100000","KMOMB01",0,"Post-secondary (some or complete)",13
"57134338965900000","KMOMB01",1,"No education",0
"57134339147100000","KMOMB01",0,"Post-secondary (some or complete)",12
"57136513184600000","KMOMB01",1,"No education",0
"57134371779000000","KMOMB02",0,"Primary (some or complete)",8
"57134372057200000","KMOMB02",0,"No education",0
"57134372166400000","KMOMB02",1,"Primary (some or complete)",2
"57134372270400000","KMOMB02",0,"Post-secondary (some or complete)",13
"57134501966900000","KMOMB02",1,"Secondary (some or complete)",11
"57134398136500000","KMOMB03",1,"Primary (some or complete)",6
"57134398350200000","KMOMB03",0,"Secondary (some or complete)",12
"57134398459600000","KMOMB03",1,"Primary (some or complete)",8
"57134398597600000","KMOMB03",1,"Primary (some or complete)",8
"57134398896300000","KMOMB03",1,"Secondary (some or complete)",11
"57134407445500000","KMOMB03",1,"Primary (some or complete)",4
"57134407575400000","KMOMB03",1,"Primary (some or complete)",1
"57134407687800000","KMOMB03",0,"No education",0
"57134407874800000","KMOMB03",0,,4
"57134362888100000","KMOMB04",0,"Secondary (some or complete)",11
"57134363181700000","KMOMB04",0,"Secondary (some or complete)",12
"57134363349500000","KMOMB04",1,"Nursery/ Kindergarten",0
"57134408247700000","KMOMB05",0,"Secondary (some or complete)",9
"57134408521700000","KMOMB05",0,"Primary (some or complete)",4
"57134408679900000","KMOMB05",1,"Primary (some or complete)",3
"57134408811800000","KMOMB05",1,"Secondary (some or complete)",12
"57134408946700000","KMOMB05",1,"Primary (some or complete)",1
"57134409025000000","KMOMB05",0,"No education",0
"57134409122200000","KMOMB05",1,"Primary (some or complete)",8
"57134294208000000","KMOMB06",0,"Secondary (some or complete)",12
"57134294490600000","KMOMB06",0,"Primary (some or complete)",8
"57134294683300000","KMOMB06",1,"Primary (some or complete)",10
"57134294870400000","KMOMB06",1,"Primary (some or complete)",10
"57134295008100000","KMOMB06",1,"Primary (some or complete)",8
"57134295207400000","KMOMB06",1,"Nursery/ Kindergarten",0
"57134372871700000","KMOMB07",0,"Secondary (some or complete)",12
"57134336927400000","KMOMB08",0,"Primary (some or complete)",8
"57134337712900000","KMOMB10",0,"Primary (some or complete)",8
"57134337926900000","KMOMB10",1,"Primary (some or complete)",2
"57134338167400000","KMOMB10",0,"Primary (some or complete)",8
"57134338351700000","KMOMB10",0,"Primary (some or complete)",7
"57137334806700000","KMOMB10",0,"Primary (some or complete)",8
"57134305072200000","KMOMB14",0,"Primary (some or complete)",7
"57134305414800000","KMOMB14",1,"Nursery/ Kindergarten",0
"57134305609900000","KMOMB14",1,"Nursery/ Kindergarten",0
"57134305707100000","KMOMB14",1,"Nursery/ Kindergarten",0
"57134295585600000","KMOMB16",0,"Primary (some or complete)",7
"57134295592300000","KMOMB16",0,"No education",0
"57134295816400000","KMOMB16",0,"Secondary (some or complete)",12
"57134296030900000","KMOMB16",0,"Primary (some or complete)",8
"57134296189900000","KMOMB16",0,"No education",0
"57134296296800000","KMOMB16",1,"Nursery/ Kindergarten",0
"57134296370300000","KMOMB16",1,"Primary (some or complete)",8
"57134296459600000","KMOMB16",1,"Primary (some or complete)",8
"57134296564500000","KMOMB16",1,"Nursery/ Kindergarten",0
"57134296642700000","KMOMB16",1,"Nursery/ Kindergarten",0
"57134296703600000","KMOMB16",1,"Primary (some or complete)",4
"57136480482500000","KMOMB16",0,"Primary (some or complete)",8
"57136711294600000","KMOMB16",1,"No education",0
"57136711662800000","KMOMB16",1,"Nursery/ Kindergarten",0
"57134365483700000","KMOMB17",0,"Secondary (some or complete)",12
"57134365707800000","KMOMB17",1,"Nursery/ Kindergarten",0
"57134365796300000","KMOMB17",0,"Secondary (some or complete)",11
"57134365920400000","KMOMB17",1,"Primary (some or complete)",6
"57134363775700000","KMOMB18",0,"Primary (some or complete)",8
"57134363939100000","KMOMB18",1,"Secondary (some or complete)",11
"57134364185000000","KMOMB18",1,"Primary (some or complete)",6
"57134364318500000","KMOMB18",1,"Nursery/ Kindergarten",0
"57134364414700000","KMOMB18",0,"Primary (some or complete)",8
"57137921756100000","KMOMB18",0,"Secondary (some or complete)",9
"57134381444600000","KMOMB20",1,"Primary (some or complete)",5
"57134381707600000","KMOMB20",0,"Primary (some or complete)",3
"57134382216000000","KMOMB21",1,"Secondary (some or complete)",12
"57134382490800000","KMOMB21",0,"No education",0
"57134402623200000","KMOMB22",0,"Primary (some or complete)",6
"57134423336600000","KMOMB22",0,"No education",0
"57134423342100000","KMOMB22",1,"Primary (some or complete)",2
"57134423347300000","KMOMB22",1,"Primary (some or complete)",6
"57134423353200000","KMOMB22",1,"Nursery/ Kindergarten",0
"57136117645700000","KMOMB22",0,"Primary (some or complete)",4
"57134458997500000","KMOMB23",0,"Primary (some or complete)",7
"57134459245200000","KMOMB23",1,"Nursery/ Kindergarten",0
"57134459355200000","KMOMB23",1,"Primary (some or complete)",4
"57134459443200000","KMOMB23",0,"No education",0
"57134459514900000","KMOMB23",0,"No education",0
"57134459583500000","KMOMB23",0,"Secondary (some or complete)",10
"57134459657200000","KMOMB23",0,"No education",0
"61134491524800000","KMOMK01",0,"Primary (some or complete)",2
"61134491532800000","KMOMK01",0,"Primary (some or complete)",2
"61134491538500000","KMOMK01",0,,
"61134491544900000","KMOMK01",0,"No education",0
"61134545428700000","KMOMK01",1,"Primary (some or complete)",8
"61134546253600000","KMOMK01",1,"Primary (some or complete)",7
"61135730036000000","KMOMK01",1,"Secondary (some or complete)",12
"61135730397200000","KMOMK01",0,"No education",0
"61134406243400000","KMOMK03",0,"Secondary (some or complete)",10
"61134406652800000","KMOMK03",0,"Primary (some or complete)",7
"61134406774500000","KMOMK03",1,"Primary (some or complete)",7
"61134406903600000","KMOMK03",0,"Post-secondary (some or complete)",13
"61134407037100000","KMOMK03",0,"No education",0
"61136764430300000","KMOMK03",1,"Secondary (some or complete)",9
"61134365439200000","KMOMK04",0,"Secondary (some or complete)",12
"61134365905800000","KMOMK04",0,"Primary (some or complete)",8
"61134924685000000","KMOMK04",0,"Primary (some or complete)",8
"61134395024600000","KMOMK06",0,"No education",0
"61134395033200000","KMOMK06",0,"Secondary (some or complete)",9
"61134395050900000","KMOMK06",1,,
"61134395059100000","KMOMK06",1,,
"61134395068300000","KMOMK06",1,,
"61135826332100000","KMOMK06",0,"No education",0
"61136073459600000","KMOMK06",0,"No education",0
"61134362972400000","KMOMK08",0,"Secondary (some or complete)",4
"61134363286800000","KMOMK08",0,"Secondary (some or complete)",12
"61134363474900000","KMOMK08",0,"No education",0
"61134363655200000","KMOMK08",0,"Secondary (some or complete)",12
"61134363726000000","KMOMK08",0,"Secondary (some or complete)",12
"61134363814400000","KMOMK08",1,,
"61134363900000000","KMOMK08",1,"No education",0
"61134363982000000","KMOMK08",0,"Primary (some or complete)",8
"61134364059400000","KMOMK08",0,"Primary (some or complete)",7
"61134364164300000","KMOMK08",0,"No education",0
"61134364237300000","KMOMK08",0,"Primary (some or complete)",8
"61134364353000000","KMOMK08",1,,
"61134364430200000","KMOMK08",1,,
"61134364505100000","KMOMK08",0,"Primary (some or complete)",8
"61134364658600000","KMOMK08",1,,
"61134364780400000","KMOMK08",1,,
"61134364837400000","KMOMK08",1,,
"61134364880400000","KMOMK08",1,,
"61134364945400000","KMOMK08",0,"No education",0
"61134365025300000","KMOMK08",0,"Nursery/ Kindergarten",0
"61135162641500000","KMOMK08",,,
"61136006790000000","KMOMK08",0,"Primary (some or complete)",8
"61136299610200000","KMOMK08",,,
"61134479309400000","KMOMK09",0,"Secondary (some or complete)",12
"61134479318400000","KMOMK09",0,"Secondary (some or complete)",11
"61134479335800000","KMOMK09",,,
"61134479348000000","KMOMK09",1,"Secondary (some or complete)",10
"61134479362900000","KMOMK09",,,
"61134479375100000","KMOMK09",0,,
"61134381860100000","KMOMK13",0,"Primary (some or complete)",7
"61134381869100000","KMOMK13",0,"Primary (some or complete)",8
"61134382134100000","KMOMK13",0,"Primary (some or complete)",5
"61134392342100000","KMOMK13",0,"No education",0
"61134392501200000","KMOMK13",1,"Primary (some or complete)",7
"61134392587200000","KMOMK13",1,"Primary (some or complete)",5
"61134392681100000","KMOMK13",1,"Primary (some or complete)",1
"61134393126800000","KMOMK14",0,"Secondary (some or complete)",12
"61134394294700000","KMOMK14",0,"Secondary (some or complete)",12
"61134394427800000","KMOMK14",1,"Primary (some or complete)",8
"61134394604400000","KMOMK14",1,"Primary (some or complete)",6
"61134394698000000","KMOMK14",1,"Primary (some or complete)",5
"61134394775000000","KMOMK14",1,,
"112137112651700000","KMOMK14",1,"Nursery/ Kindergarten",0
"61134458558400000","KMOMK15",0,"Secondary (some or complete)",12
"61134458861300000","KMOMK15",0,"Secondary (some or complete)",12
"61134459043500000","KMOMK15",0,"No education",0
"61134459113600000","KMOMK15",0,"Secondary (some or complete)",12
"61134459243900000","KMOMK15",1,,
"61134459331600000","KMOMK15",0,"Primary (some or complete)",8
"61134459536800000","KMOMK15",0,"Primary (some or complete)",6
"61134889846300000","KMOMK15",0,"Post-secondary (some or complete)",13
"61134381034300000","KMOMK16",0,"Secondary (some or complete)",11
"61134381474300000","KMOMK16",1,"Primary (some or complete)",6
"61134381600900000","KMOMK16",1,"No education",0
"84137032756500000","KMOMK16",1,"Primary (some or complete)",8
"61134407425400000","KMOMK17",0,"Primary (some or complete)",7
"61134407559000000","KMOMK17",0,"Primary (some or complete)",7
"61134478539300000","KMOMK17",1,"No education",0
"61134478633900000","KMOMK17",1,"No education",0
"61134478737100000","KMOMK17",0,"No education",0
"61134478937200000","KMOMK17",1,"Primary (some or complete)",7
"61134434981400000","KMOMK19",0,"Primary (some or complete)",6
"61134435259400000","KMOMK19",0,"Primary (some or complete)",8
"61134435356300000","KMOMK19",1,"Primary (some or complete)",8
"61134435480100000","KMOMK19",1,"Nursery/ Kindergarten",0
"61134435525800000","KMOMK19",1,"Nursery/ Kindergarten",0
"61134435561200000","KMOMK19",0,"No education",0
"61134435591000000","KMOMK19",1,"Secondary (some or complete)",12
"61134435762200000","KMOMK19",0,"Primary (some or complete)",3
"61134435830700000","KMOMK19",0,"Primary (some or complete)",8
"61134582183800000","KMOMK19",1,"Primary (some or complete)",8
"61136317783900000","KMOMK19",,,
"57134322015900000","KMOMM01",0,"Secondary (some or complete)",12
"57134322253000000","KMOMM01",0,"No education",0
"57134322363700000","KMOMM01",0,"Primary (some or complete)",8
"57134322467600000","KMOMM01",0,"Primary (some or complete)",8
"57134320861700000","KMOMM03",0,"Secondary (some or complete)",10
"57134320879700000","KMOMM03",0,"Primary (some or complete)",8
"57134321282900000","KMOMM03",1,"Nursery/ Kindergarten",0
"57134321360600000","KMOMM03",0,,
"57134450974000000","KMOMM03",1,"Primary (some or complete)",7
"57134321506500000","KMOMM04",0,"Secondary (some or complete)",12
"57134321734000000","KMOMM04",1,"Nursery/ Kindergarten",0
"57134304185700000","KMOMM06",1,"Primary (some or complete)",9
"57134304447500000","KMOMM06",0,"Secondary (some or complete)",10
"57137024579500000","KMOMM06",0,"Secondary (some or complete)",12
"57134347631100000","KMOMM07",0,"Primary (some or complete)",8
"57134347789400000","KMOMM07",1,"Nursery/ Kindergarten",2
"57134347844500000","KMOMM07",1,"Primary (some or complete)",2
"57134347955700000","KMOMM07",1,"Nursery/ Kindergarten",0
"57134319815200000","KMOMM10",0,"Primary (some or complete)",8
"57134320041500000","KMOMM10",1,"Primary (some or complete)",4
"57134320149300000","KMOMM10",1,"Primary (some or complete)",3
"57134320279300000","KMOMM10",0,"No education",0
"57134320447800000","KMOMM10",0,"Primary (some or complete)",8
"57134380513500000","KMOMM11",0,"Primary (some or complete)",8
"57134380717200000","KMOMM11",0,"Primary (some or complete)",8
"57136300943300000","KMOMM11",0,"Secondary (some or complete)",12
"57134303030700000","KMOMM12",0,"Primary (some or complete)",8
"57134303074500000","KMOMM12",0,"Secondary (some or complete)",11
"57134303587500000","KMOMM12",0,"No education",0
"57134345619700000","KMOMM13",0,"Primary (some or complete)",2
"57134345813100000","KMOMM13",1,"Nursery/ Kindergarten",0
"57134345915400000","KMOMM13",0,"Nursery/ Kindergarten",0
"57134346075800000","KMOMM13",1,"Primary (some or complete)",3
"57134346224700000","KMOMM13",1,"Primary (some or complete)",6
"57134346315700000","KMOMM13",0,"No education",0
"57134346449000000","KMOMM13",0,"Primary (some or complete)",6
"57134346769300000","KMOMM15",0,"Primary (some or complete)",8
"57134347060700000","KMOMM15",0,"Primary (some or complete)",8
"57134700773600000","KMOMM15",0,"Primary (some or complete)",8
"57134917880000000","KMOMM15",0,"No education",0
"57134917912200000","KMOMM15",0,"No education",0
"57136512765300000","KMOMM15",0,"No education",0
"57134355497700000","KMOMM16",0,"No education",0
"57134355675400000","KMOMM16",1,"Primary (some or complete)",5
"57134355818800000","KMOMM16",1,"Primary (some or complete)",7
"57134355915500000","KMOMM16",0,"No education",0
"57134355995800000","KMOMM16",0,"Primary (some or complete)",7
"57134356111100000","KMOMM16",0,"Secondary (some or complete)",12
"57134356286300000","KMOMM16",0,"Primary (some or complete)",8
"57134476971700000","KMOMM16",1,"Nursery/ Kindergarten",0
"57134477447000000","KMOMM16",1,"Secondary (some or complete)",9
"57134433115100000","KMOMM18",0,"Post-secondary (some or complete)",12
"57134433371600000","KMOMM18",1,"Primary (some or complete)",4
"57134433465400000","KMOMM18",1,"Primary (some or complete)",2
"57134406243100000","KMOMM25",0,"Secondary (some or complete)",11
"61134423778900000","KMOMT01",0,"Secondary (some or complete)",10
"61134424098700000","KMOMT01",0,"No education",0
"61134424108900000","KMOMT01",0,"No education",0
"61134424125500000","KMOMT01",0,"Post-secondary (some or complete)",13
"61134424632100000","KMOMT01",1,"Primary (some or complete)",8
"61134424697500000","KMOMT01",1,"Primary (some or complete)",8
"61134424765700000","KMOMT01",1,"Primary (some or complete)",1
"61134424821600000","KMOMT01",0,"No education",0
"61134424840500000","KMOMT01",1,"Nursery/ Kindergarten",0
"61136145964300000","KMOMT01",0,,
"61136145973100000","KMOMT01",1,,
"61136145982400000","KMOMT01",1,"Primary (some or complete)",3
"61134337424100000","KMOMT02",0,"No education",0
"61134337487300000","KMOMT02",0,"Primary (some or complete)",7
"61134348511500000","KMOMT02",1,"Primary (some or complete)",8
"61134348670800000","KMOMT02",1,"Primary (some or complete)",8
"61134348785200000","KMOMT02",1,"Primary (some or complete)",8
"61134349024000000","KMOMT02",1,"Primary (some or complete)",6
"61134349072700000","KMOMT02",0,"Primary (some or complete)",7
"61134358629900000","KMOMT02",1,"Primary (some or complete)",8
"61135788782700000","KMOMT02",0,"Primary (some or complete)",8
"61135910227600000","KMOMT02",1,"Primary (some or complete)",3
"61134338082500000","KMOMT03",1,"Secondary (some or complete)",13
"61134338244700000","KMOMT03",1,"Primary (some or complete)",7
"61134338392900000","KMOMT03",1,"Primary (some or complete)",4
"61134442309700000","KMOMT06",0,"Secondary (some or complete)",12
"61134442496500000","KMOMT06",0,"Secondary (some or complete)",12
"61134442605300000","KMOMT06",1,"Primary (some or complete)",7
"61134442684400000","KMOMT06",1,"No education",0
"61134442700200000","KMOMT06",1,"Primary (some or complete)",1
"61134442712200000","KMOMT06",0,"No education",0
"61134426723200000","KMOMT12",,,
"61134426731700000","KMOMT12",1,,
"61134426737700000","KMOMT12",1,,
"61134426744900000","KMOMT12",,,
"61134399522100000","KMOMT15",0,"Primary (some or complete)",7
"61134399881000000","KMOMT15",0,"Primary (some or complete)",7
"61134399962500000","KMOMT15",0,"Primary (some or complete)",6
"61134437317700000","KMOMT15",0,"Primary (some or complete)",6
"61134440681700000","KMOMT15",1,"Primary (some or complete)",
"61134474659700000","KMOMT15",0,"Primary (some or complete)",8
"61134474941900000","KMOMT15",0,"No education",0
"61134475154300000","KMOMT15",1,"No education",0
"61134475930700000","KMOMT15",1,"No education",0
"61134477018700000","KMOMT15",1,"Primary (some or complete)",5
"61134477243500000","KMOMT15",1,"Primary (some or complete)",1
"61134477527200000","KMOMT15",1,"No education",0
"61134477645500000","KMOMT15",1,"No education",0
"61134520740000000","KMOMT15",1,"Primary (some or complete)",8
"61135175693100000","KMOMT15",0,"No education",0
"61134441326500000","KMOMT16",0,"Primary (some or complete)",2
"61134441545700000","KMOMT16",0,"Primary (some or complete)",3
"61134441633800000","KMOMT16",1,"Primary (some or complete)",3
"61134441687600000","KMOMT16",1,"Primary (some or complete)",1
"61134441761500000","KMOMT16",0,"Secondary (some or complete)",12
"61134441802100000","KMOMT16",1,"No education",0
"61134441890900000","KMOMT16",0,"No education",0
"61134441920900000","KMOMT16",0,"No education",0
"61134441925300000","KMOMT16",0,"No education",0
"61135487517100000","KMOMT16",0,"No education",0
"61134398779000000","KMOMT18",0,"Secondary (some or complete)",12
"61134398949100000","KMOMT18",1,"No education",0
"61134398994300000","KMOMT18",1,,
"61134399074500000","KMOMT18",1,"Primary (some or complete)",4
"61134449472600000","KMOMT19",0,"Primary (some or complete)",8
"61134449644300000","KMOMT19",0,"Secondary (some or complete)",10
"61134449755500000","KMOMT19",0,"No education",0
"61134449820100000","KMOMT19",0,"No education",0
"61134397892600000","KMOMT21",0,"Primary (some or complete)",3
"61134397950700000","KMOMT21",0,"Primary (some or complete)",2
"61134398173800000","KMOMT21",1,,
"61134398437500000","KMOMT21",1,"Nursery/ Kindergarten",0
"61134398485100000","KMOMT21",0,"No education",0
"61134398533400000","KMOMT21",0,"No education",0
"61134398561800000","KMOMT21",0,"No education",0
"61134883132200000","KMOMT21",1,"Primary (some or complete)",5
"61134425330400000","KMOMT22",0,"Primary (some or complete)",8
"61134425639100000","KMOMT22",1,"Primary (some or complete)",1
"61134425728400000","KMOMT22",0,"No education",0
"61134425818500000","KMOMT22",1,"Nursery/ Kindergarten",0
"61134425850400000","KMOMT22",0,"No education",0
"61134425876700000","KMOMT22",,,
"61134425887200000","KMOMT22",1,"Primary (some or complete)",3
"61134467126800000","KMOMT25",0,"Post-secondary (some or complete)",13
"61134467265900000","KMOMT25",0,"No education",0
"61134467335400000","KMOMT25",1,"Post-secondary (some or complete)",13
"61134467449300000","KMOMT25",0,"Primary (some or complete)",6
"112137187533400000","KMOMT25",,,
"61134469982600000","KMOMT28",0,"Secondary (some or complete)",12
"61134470104500000","KMOMT28",0,"Secondary (some or complete)",12
"61134470183300000","KMOMT28",1,,
"61134470234100000","KMOMT28",0,"Primary (some or complete)",3
"61135912320900000","KMOMT28",,,
"61134440698100000","KMOMT29",0,"No education",0
"61134440930900000","KMOMT29",1,"Primary (some or complete)",4
"61134441011600000","KMOMT29",1,,
"61134441131100000","KMOMT29",0,"No education",0
"61134517580000000","KMOMT29",1,"Nursery/ Kindergarten",0
"61134517659800000","KMOMT29",0,,
"61134450308700000","KMOMT31",0,"Secondary (some or complete)",
"61134450698600000","KMOMT31",0,"No education",0
"84136913131500000","KMOMT31",1,"Primary (some or complete)",4
"61134468689200000","KMOMT32",1,"Post-secondary (some or complete)",13
"61134469028000000","KMOMT32",1,"Post-secondary (some or complete)",13
"61134469167600000","KMOMT32",1,"Secondary (some or complete)",12
"61134469223300000","KMOMT32",1,"Primary (some or complete)",3
"61134469270700000","KMOMT32",0,"Secondary (some or complete)",12
"61134469320800000","KMOMT32",1,"Primary (some or complete)",8
"61134469369300000","KMOMT32",1,"Primary (some or complete)",7
"61135893083900000","KMOMT32",0,"Post-secondary (some or complete)",13
"61135978525800000","KMOMT32",,,
"112137275476000000","KMOMT32",1,,
"61134553127800000","KMOMT33",0,"Primary (some or complete)",8
"61134553240000000","KMOMT33",1,,
"61134553317400000","KMOMT33",1,"Nursery/ Kindergarten",0
"61134553356600000","KMOMT33",0,,
"61134553371600000","KMOMT33",0,"Secondary (some or complete)",10
"64134434203200000","KNBOK01",0,"Secondary (some or complete)",12
"79134743445400000","KNBOK01",1,"Primary (some or complete)",8
"79134743588500000","KNBOK01",1,"Primary (some or complete)",8
"79134743813600000","KNBOK01",1,,
"79134761543200000","KNBOK02",0,"Post-secondary (some or complete)",13
"79134761580100000","KNBOK02",1,"Primary (some or complete)",
"79134761587200000","KNBOK02",1,,
"79134821776500000","KNBOK02",0,"Primary (some or complete)",8
"64134408292500000","KNBOK03",0,"Primary (some or complete)",8
"64134408302100000","KNBOK03",0,"Primary (some or complete)",8
"89136300377800000","KNBOK03",1,"Primary (some or complete)",
"89136300389900000","KNBOK03",1,"Nursery/ Kindergarten",0
"89136608704300000","KNBOK03",1,"Nursery/ Kindergarten",0
"89136608744800000","KNBOK03",1,,
"89137388303100000","KNBOK03",0,"No education",0
"64134451105400000","KNBOK04",0,"Primary (some or complete)",8
"64134461873300000","KNBOK04",0,"Primary (some or complete)",8
"64134462052700000","KNBOK04",1,"Secondary (some or complete)",9
"64134463242800000","KNBOK04",1,"Primary (some or complete)",6
"64134463401700000","KNBOK04",1,"Nursery/ Kindergarten",0
"64134463422200000","KNBOK04",1,,
"64134429266300000","KNBOK05",0,"Secondary (some or complete)",11
"64134429552700000","KNBOK05",0,"Primary (some or complete)",5
"64134449620700000","KNBOK05",1,"Primary (some or complete)",7
"64134449741200000","KNBOK05",1,"Primary (some or complete)",2
"89136713643600000","KNBOK05",1,"Primary (some or complete)",8
"64134398387400000","KNBOK06",0,"Post-secondary (some or complete)",13
"64134398420500000","KNBOK06",0,"Post-secondary (some or complete)",13
"64134420082700000","KNBOK06",1,"Nursery/ Kindergarten",0
"64134426307000000","KNBOK06",0,"No education",0
"64134373428700000","KNBOK08",0,"Secondary (some or complete)",12
"64134375204000000","KNBOK08",0,"Secondary (some or complete)",12
"89136583497700000","KNBOK08",0,"Secondary (some or complete)",12
"79134813357500000","KNBOK11",0,"Secondary (some or complete)",12
"79134848198800000","KNBOK11",0,"Secondary (some or complete)",12
"79134848299100000","KNBOK11",1,"No education",0
"89135909922000000","KNBOK11",0,"No education",0
"64134416720600000","KNBOK14",1,"Post-secondary (some or complete)",13
"64134417148000000","KNBOK14",1,"Nursery/ Kindergarten",0
"64134417155600000","KNBOK14",1,"Nursery/ Kindergarten",0
"64134399155700000","KNBOK15",0,"Primary (some or complete)",7
"64134399240000000","KNBOK15",0,"Primary (some or complete)",6
"64134427386500000","KNBOK15",1,"Nursery/ Kindergarten",0
"64134427554100000","KNBOK15",1,"Nursery/ Kindergarten",0
"89135781378400000","KNBOK15",0,"Primary (some or complete)",7
"89135781454900000","KNBOK15",0,"Primary (some or complete)",8
"64134373843900000","KNBOK16",0,"Primary (some or complete)",8
"64134375407200000","KNBOK16",0,"Secondary (some or complete)",12
"89136315237400000","KNBOK16",0,"Primary (some or complete)",8
"64134400263200000","KNBOK17",0,"Primary (some or complete)",8
"50135410058900000","KNBOK18",1,"Secondary (some or complete)",12
"64134452134100000","KNBOK18",0,"Secondary (some or complete)",11
"64134482630800000","KNBOK18",0,"Secondary (some or complete)",10
"64134482744200000","KNBOK18",1,"Nursery/ Kindergarten",0
"64134482956800000","KNBOK18",1,"No education",0
"89136625528100000","KNBOK18",1,"Secondary (some or complete)",12
"64134399713800000","KNBOK19",0,"Post-secondary (some or complete)",2
"64134428659700000","KNBOK19",0,"Secondary (some or complete)",9
"64134428788200000","KNBOK19",1,"Nursery/ Kindergarten",0
"64134428935900000","KNBOK19",1,"Nursery/ Kindergarten",0
"89136403243000000","KNBOK19",0,"No education",0
"89136609606000000","KNBOK19",0,"No education",0
"79135062746000000","KNBOK20",0,"Post-secondary (some or complete)",
"79135062979700000","KNBOK20",0,"Post-secondary (some or complete)",15
"79135063019900000","KNBOK20",0,"Post-secondary (some or complete)",15
"79135063028100000","KNBOK20",1,"Primary (some or complete)",8
"79135063035400000","KNBOK20",0,"Post-secondary (some or complete)",15
"79135063042600000","KNBOK20",,,
"64134337808600000","KNBOK22",0,"Post-secondary (some or complete)",13
"64134337819400000","KNBOK22",0,"Post-secondary (some or complete)",13
"64134337832100000","KNBOK22",1,"Nursery/ Kindergarten",0
"64134337841900000","KNBOK22",1,"Nursery/ Kindergarten",0
"64134337848100000","KNBOK22",0,"No education",0
"64134433146600000","KNBOK23",0,"Secondary (some or complete)",12
"64134437007600000","KNBOK23",0,"Post-secondary (some or complete)",13
"89136299261800000","KNBOK23",0,"No education",0
"64134340350900000","KNBOK25",0,"Primary (some or complete)",8
"64134340957700000","KNBOK25",0,"Secondary (some or complete)",10
"64134340964500000","KNBOK25",0,"No education",0
"64134340972200000","KNBOK25",0,"No education",0
"64134340979000000","KNBOK25",0,"No education",0
"89135997889800000","KNBOK25",1,"Primary (some or complete)",8
"89136127292700000","KNBOK25",1,"Nursery/ Kindergarten",0
"64134382466300000","KNBOK26",0,"Post-secondary (some or complete)",13
"64134392465100000","KNBOK26",0,"Post-secondary (some or complete)",12
"89135824823900000","KNBOK26",0,"Post-secondary (some or complete)",13
"89136489681100000","KNBOK26",0,"Post-secondary (some or complete)",13
"64134330145000000","KNBOK27",0,"Primary (some or complete)",3
"64134330496100000","KNBOK27",1,"Primary (some or complete)",8
"64134331572300000","KNBOK27",0,"Secondary (some or complete)",11
"64134332339000000","KNBOK27",1,"Nursery/ Kindergarten",0
"64134332474600000","KNBOK27",0,"Primary (some or complete)",7
"62137334699200000","KNBOK29",0,"Secondary (some or complete)",11
"64134380651800000","KNBOK29",0,"Primary (some or complete)",2
"64134459158700000","KNBOK31",0,"Secondary (some or complete)",12
"64134460703500000","KNBOK31",0,"Primary (some or complete)",8
"64134460832400000","KNBOK31",1,"Secondary (some or complete)",11
"64134460998200000","KNBOK31",1,"Primary (some or complete)",8
"64134461155200000","KNBOK31",1,"Nursery/ Kindergarten",0
"64134461552600000","KNBOK31",1,,
"50134684381200000","KNBOK32",1,"No education",0
"64134329480500000","KNBOK32",0,"Primary (some or complete)",7
"64134329754600000","KNBOK32",1,"Primary (some or complete)",1
"79134829266800000","KNBOK34",0,"Primary (some or complete)",8
"79134829490300000","KNBOK34",0,"Primary (some or complete)",8
"79134829600500000","KNBOK34",1,,
"79134829607800000","KNBOK34",1,,
"79134829614300000","KNBOK34",,,
"50137379592800000","KNBOK35",1,"Primary (some or complete)",8
"64134445268900000","KNBOK35",0,"Post-secondary (some or complete)",15
"64134445408400000","KNBOK35",0,"Post-secondary (some or complete)",13
"64134445473800000","KNBOK35",0,"No education",0
"79134985767500000","KNBOK36",0,"Primary (some or complete)",7
"79134985945000000","KNBOK36",0,"Primary (some or complete)",8
"79134986039800000","KNBOK36",0,"Primary (some or complete)",7
"79134986123400000","KNBOK36",0,"Nursery/ Kindergarten",0
"89136177805000000","KNBOK36",0,"Secondary (some or complete)",9
"89136177933000000","KNBOK36",1,,
"79135089120200000","KNBOK38",0,"Secondary (some or complete)",12
"79135114710200000","KNBOK39",1,"Secondary (some or complete)",12
"79135114810400000","KNBOK39",0,"Secondary (some or complete)",12
"79135114850500000","KNBOK39",1,"Secondary (some or complete)",
"79135114857800000","KNBOK39",0,,
"50135332375100000","KNBOK40",,,
"79135124188900000","KNBOK40",0,"Secondary (some or complete)",10
"50135271114900000","KNBOK41",0,"Primary (some or complete)",7
"50135417760600000","KNBOK42",0,"Secondary (some or complete)",12
"50135417907100000","KNBOK42",0,"Secondary (some or complete)",12
"62134390089800000","KNBOM02",0,"Post-secondary (some or complete)",13
"62134390349000000","KNBOM02",1,"Nursery/ Kindergarten",0
"62135014030300000","KNBOM02",0,"No education",0
"62136764752200000","KNBOM02",0,"Secondary (some or complete)",12
"62134391031900000","KNBOM03",0,"Primary (some or complete)",8
"62134391358700000","KNBOM03",0,"Primary (some or complete)",8
"62134391513500000","KNBOM03",0,"No education",0
"62134391619400000","KNBOM03",0,"No education",0
"62134391691100000","KNBOM03",1,"Primary (some or complete)",2
"62136437668800000","KNBOM03",1,"Secondary (some or complete)",9
"62134425991900000","KNBOM04",0,"Primary (some or complete)",5
"62134426154100000","KNBOM04",1,"Primary (some or complete)",5
"62134426330600000","KNBOM04",0,"Secondary (some or complete)",12
"62134426420000000","KNBOM04",1,"Primary (some or complete)",5
"62134426485100000","KNBOM04",1,"Nursery/ Kindergarten",0
"62134337350300000","KNBOM11",0,"Secondary (some or complete)",12
"62134337637200000","KNBOM11",0,"Secondary (some or complete)",10
"62134337927700000","KNBOM11",0,"Primary (some or complete)",8
"62137761760800000","KNBOM11",0,"Secondary (some or complete)",11
"62134364260000000","KNBOM13",0,"Primary (some or complete)",8
"62134364478100000","KNBOM13",1,"Primary (some or complete)",
"62136490111200000","KNBOM13",0,"Secondary (some or complete)",12
"62136490160800000","KNBOM13",,,
"62137663892600000","KNBOM13",1,,
"62134339332400000","KNBOM14",1,"Secondary (some or complete)",12
"62134339787000000","KNBOM14",0,"Post-secondary (some or complete)",13
"62134340208600000","KNBOM14",0,"Primary (some or complete)",8
"62134340491100000","KNBOM14",1,,6
"62134340582800000","KNBOM14",1,,
"62136379603300000","KNBOM14",0,"Post-secondary (some or complete)",13
"62134362978100000","KNBOM15",0,"Secondary (some or complete)",10
"62134330289700000","KNBOM16",0,"Primary (some or complete)",4
"62134330649000000","KNBOM16",1,"Primary (some or complete)",3
"62134330655300000","KNBOM16",1,"Nursery/ Kindergarten",0
"62134330665200000","KNBOM16",0,"No education",0
"62134372906100000","KNBOM19",0,"Primary (some or complete)",8
"62134373193700000","KNBOM19",1,"Primary (some or complete)",8
"62134623971600000","KNBOM19",1,"Primary (some or complete)",8
"62134347918700000","KNBOM22",1,"Primary (some or complete)",8
"62134348212300000","KNBOM22",0,"Primary (some or complete)",8
"62134348506600000","KNBOM22",0,"No education",0
"62134348621100000","KNBOM22",1,"Nursery/ Kindergarten",7
"62134356887800000","KNBOM22",0,"Primary (some or complete)",8
"62134467309300000","KNBOM22",1,"Primary (some or complete)",8
"62134363376300000","KNBOM25",0,"Primary (some or complete)",7
"62134363618000000","KNBOM25",0,"Primary (some or complete)",2
"62134363763800000","KNBOM25",0,"Secondary (some or complete)",12
"62134363881900000","KNBOM25",1,"Primary (some or complete)",
"62134363998100000","KNBOM25",0,"Secondary (some or complete)",12
"62134345726400000","KNBOM26",0,"Primary (some or complete)",7
"62134346102200000","KNBOM26",0,"Secondary (some or complete)",12
"62134346297900000","KNBOM26",0,,
"62134346378700000","KNBOM26",1,"Primary (some or complete)",6
"62134346412300000","KNBOM26",0,"Secondary (some or complete)",10
"62134346589900000","KNBOM26",1,"Primary (some or complete)",
"62134346696700000","KNBOM26",1,,
"62134346798900000","KNBOM26",1,"Nursery/ Kindergarten",0
"62135461842100000","KNBOM26",,,
"62137353660500000","KNBOM26",,,
"62137353674400000","KNBOM26",1,,
"62134347056700000","KNBOM31",0,"Primary (some or complete)",8
"62134347100000000","KNBOM31",1,"Primary (some or complete)",
"62134347401900000","KNBOM31",1,"Primary (some or complete)",8
"62137662931300000","KNBOM31",1,,
"62134424394500000","KNBOM32",0,"Secondary (some or complete)",10
"62134424842100000","KNBOM32",0,"Primary (some or complete)",3
"62134425168900000","KNBOM32",1,,
"62135827387900000","KNBOM32",1,,
"62135827394800000","KNBOM32",1,,
"62135827399200000","KNBOM32",0,"Secondary (some or complete)",12
"62135832954100000","KNBOM32",1,"Secondary (some or complete)",9
"62136406481700000","KNBOM32",,,
"62134426712200000","KNBOM33",0,"Primary (some or complete)",8
"62134426854000000","KNBOM33",0,"No education",0
"62134426970000000","KNBOM33",1,,4
"62134427055700000","KNBOM33",0,"Primary (some or complete)",8
"62134495077000000","KNBOM36",0,"Primary (some or complete)",8
"62134495329300000","KNBOM36",1,"Primary (some or complete)",8
"62134495455400000","KNBOM36",0,"No education",0
"62137360940700000","KNBOM36",0,"Post-secondary (some or complete)",13
"62138138642000000","KNBOM36",0,"Secondary (some or complete)",12
"62134433909100000","KNBOM37",0,"Secondary (some or complete)",10
"62134434121000000","KNBOM37",1,,
"62134441363200000","KNBOM37",1,,
"62134441519600000","KNBOM37",1,,
"62134441621600000","KNBOM37",1,,
"62134441743000000","KNBOM37",0,"No education",0
"62134432136100000","KNBOM38",0,"Secondary (some or complete)",10
"62134432333800000","KNBOM38",0,"Secondary (some or complete)",12
"62134432486500000","KNBOM38",1,"Primary (some or complete)",8
"62134432608900000","KNBOM38",0,"Primary (some or complete)",8
"62134432708600000","KNBOM38",1,"Primary (some or complete)",8
"62134432808300000","KNBOM38",1,,
"62134441093400000","KNBOM38",1,"Nursery/ Kindergarten",0
"62134441154500000","KNBOM38",0,"No education",0
"62138061937900000","KNBOM38",0,,
"62134433461500000","KNBOM39",1,"Secondary (some or complete)",12
"62134442821300000","KNBOM40",0,"Secondary (some or complete)",12
"62134443073700000","KNBOM40",0,"Secondary (some or complete)",12
"62134443145200000","KNBOM40",1,"Primary (some or complete)",6
"62134443232900000","KNBOM40",1,"Nursery/ Kindergarten",2
"62134443380600000","KNBOM40",0,"No education",0
"62134580482100000","KNBOM42",0,"Primary (some or complete)",4
"62134580884000000","KNBOM42",0,"Secondary (some or complete)",12
"62134581024800000","KNBOM42",0,"No education",0
"62134581588100000","KNBOM42",0,"Primary (some or complete)",3
"62134581774100000","KNBOM42",0,"Secondary (some or complete)",10
"62134633718400000","KNBOM42",1,"Primary (some or complete)",8
"62134633852700000","KNBOM42",0,"Primary (some or complete)",6
"62134634052600000","KNBOM42",1,,
"62134634063800000","KNBOM42",1,"Primary (some or complete)",6
"62134634082400000","KNBOM42",1,"Secondary (some or complete)",10
"62136065317200000","KNBOM42",0,"Primary (some or complete)",8
"62136065326300000","KNBOM42",0,"Primary (some or complete)",8
"62137284721800000","KNBOM42",,,
"62137637170200000","KNBOM42",0,"No education",0
"62134380879000000","KNBOM50",0,"Secondary (some or complete)",12
"62134381230800000","KNBOM50",1,"Primary (some or complete)",8
"62134381353100000","KNBOM50",1,,
"62134381483200000","KNBOM50",0,"Primary (some or complete)",8
"62134520172600000","KNBOM50",1,"Primary (some or complete)",
"59134389306700000","KVIHC02",0,"Primary (some or complete)",8
"59134389484000000","KVIHC02",1,"Primary (some or complete)",6
"59134389653500000","KVIHC02",1,"Primary (some or complete)",2
"59134389737100000","KVIHC02",1,"Nursery/ Kindergarten",0
"59134425495000000","KVIHC03",0,"Primary (some or complete)",5
"59134429159600000","KVIHC03",1,"Primary (some or complete)",4
"59134429250600000","KVIHC03",1,"Primary (some or complete)",1
"59134429348500000","KVIHC03",1,"Nursery/ Kindergarten",0
"59134429439100000","KVIHC03",0,"No education",0
"59134399785800000","KVIHC04",0,"Primary (some or complete)",8
"59134399970100000","KVIHC04",1,"Primary (some or complete)",5
"59134400015400000","KVIHC04",1,"Primary (some or complete)",3
"59134400020100000","KVIHC04",1,"Primary (some or complete)",2
"59134400026600000","KVIHC04",1,"Nursery/ Kindergarten",0
"59134364992800000","KVIHC05",0,"Secondary (some or complete)",9
"59134365234400000","KVIHC05",1,"Primary (some or complete)",6
"59134365334100000","KVIHC05",1,"Primary (some or complete)",3
"59134365341100000","KVIHC05",1,"Primary (some or complete)",3
"59134365347000000","KVIHC05",1,"No education",0
"59136677984600000","KVIHC05",0,"Secondary (some or complete)",10
"59134381969800000","KVIHC06",0,"Secondary (some or complete)",12
"59135772457700000","KVIHC06",1,"Nursery/ Kindergarten",0
"59134398835800000","KVIHC08",0,"Primary (some or complete)",3
"59134399057300000","KVIHC08",1,"No education",0
"59134399136200000","KVIHC08",0,"No education",0
"59134399146100000","KVIHC08",0,"No education",0
"59134399259500000","KVIHC08",0,"Primary (some or complete)",6
"59134399421400000","KVIHC08",0,"Primary (some or complete)",5
"59134322355000000","KVIHC09",0,"Primary (some or complete)",1
"59134330843500000","KVIHC09",1,"Primary (some or complete)",2
"59134331053600000","KVIHC09",1,"Primary (some or complete)",1
"59134331183000000","KVIHC09",1,"Nursery/ Kindergarten",0
"59134331302500000","KVIHC09",0,"No education",0
"59134331387900000","KVIHC09",0,"No education",0
"59134337065400000","KVIHC10",0,"Primary (some or complete)",5
"59134337347700000","KVIHC10",0,"Primary (some or complete)",4
"59134337489100000","KVIHC10",1,"Primary (some or complete)",5
"59134337638500000","KVIHC10",1,"Primary (some or complete)",4
"59134337735400000","KVIHC10",1,"Primary (some or complete)",2
"59134312157700000","KVIHC11",0,"Primary (some or complete)",6
"59134312565300000","KVIHC11",1,"Primary (some or complete)",3
"59134312819600000","KVIHC11",1,"Secondary (some or complete)",10
"59134373356900000","KVIHC12",0,"Primary (some or complete)",5
"59134374355500000","KVIHC12",0,"No education",0
"111137234966200000","KVIHC12",1,,
"59134372098700000","KVIHC13",0,"Primary (some or complete)",7
"59134372308300000","KVIHC13",1,"Primary (some or complete)",6
"59134372442200000","KVIHC13",1,"Primary (some or complete)",3
"59134372493300000","KVIHC13",0,"Secondary (some or complete)",11
"59134372711600000","KVIHC13",1,"Primary (some or complete)",3
"59134373019700000","KVIHC13",1,"Primary (some or complete)",1
"59134373093800000","KVIHC13",1,"Nursery/ Kindergarten",0
"59134373225000000","KVIHC13",1,"No education",0
"59134373302900000","KVIHC13",0,"No education",0
"59134376278200000","KVIHC13",0,"No education",0
"59134376357200000","KVIHC13",0,"No education",0
"59134319827600000","KVIHC14",1,"Secondary (some or complete)",13
"59134320179800000","KVIHC14",1,"Secondary (some or complete)",10
"59134320315400000","KVIHC14",1,"Primary (some or complete)",4
"59134320427100000","KVIHC14",1,"Primary (some or complete)",3
"59134390567400000","KVIHC15",0,"Primary (some or complete)",2
"59134393148900000","KVIHC15",0,"Primary (some or complete)",4
"59134394840800000","KVIHC15",0,"No education",0
"59134394927200000","KVIHC15",1,"Primary (some or complete)",6
"59134395019500000","KVIHC15",1,"Primary (some or complete)",1
"59134423954300000","KVIHC16",0,"Primary (some or complete)",8
"59134424235200000","KVIHC16",1,"Secondary (some or complete)",9
"59134424411200000","KVIHC16",1,"Primary (some or complete)",6
"59134424421000000","KVIHC16",1,"Primary (some or complete)",4
"59134424430800000","KVIHC16",1,"Primary (some or complete)",3
"59134338574600000","KVIHC17",0,"Secondary (some or complete)",12
"59134338863000000","KVIHC17",0,"Secondary (some or complete)",10
"59134339024900000","KVIHC17",0,"Secondary (some or complete)",10
"59134339235800000","KVIHC17",1,"Primary (some or complete)",7
"59134339282300000","KVIHC17",0,"No education",0
"59134348691400000","KVIHC17",1,"Primary (some or complete)",3
"59134348790700000","KVIHC17",1,"Primary (some or complete)",4
"59134397868300000","KVIHC18",0,"Secondary (some or complete)",10
"59134405409900000","KVIHC18",0,"Secondary (some or complete)",12
"59134414360800000","KVIHC18",1,"Primary (some or complete)",8
"59134414367200000","KVIHC18",1,"No education",0
"59134414389900000","KVIHC18",1,"Primary (some or complete)",8
"59134414545700000","KVIHC18",1,,
"59134414693500000","KVIHC18",1,"No education",0
"59134327942800000","KVIHC19",0,"Primary (some or complete)",4
"59134328466300000","KVIHC19",0,"Primary (some or complete)",3
"59134328669500000","KVIHC19",0,"Primary (some or complete)",8
"59134328945900000","KVIHC19",1,"Primary (some or complete)",2
"59134329186600000","KVIHC19",1,"Primary (some or complete)",2
"59134389987000000","KVIHC20",0,"Secondary (some or complete)",10
"59134390178600000","KVIHC20",1,"Primary (some or complete)",7
"59134390309500000","KVIHC20",0,"Secondary (some or complete)",12
"59134395219800000","KVIHC20",1,"Primary (some or complete)",6
"59134395333100000","KVIHC20",1,"Primary (some or complete)",1
"59134382227900000","KVIHC21",0,"Secondary (some or complete)",11
"59134382487600000","KVIHC21",1,"Secondary (some or complete)",11
"59134382671100000","KVIHC21",0,"Primary (some or complete)",8
"59134382783100000","KVIHC21",0,"Primary (some or complete)",7
"59134382992200000","KVIHC21",0,"No education",0
"59134384292500000","KVIHC21",0,"No education",0
"59135779798900000","KVIHC21",0,"No education",0
"59134362693600000","KVIHC22",0,"Primary (some or complete)",7
"59134362971600000","KVIHC22",0,"Primary (some or complete)",8
"59134363019700000","KVIHC22",1,"Primary (some or complete)",1
"59134363111300000","KVIHC22",0,"No education",0
"59134363260000000","KVIHC22",0,"No education",0
"59135935821300000","KVIHC22",0,,
"59137084186700000","KVIHC22",1,"Secondary (some or complete)",
"59134391035200000","KVIHC23",0,"Secondary (some or complete)",12
"59134391227800000","KVIHC23",0,"Secondary (some or complete)",12
"59134364180200000","KVIHC25",0,"No education",0
"59134364403200000","KVIHC25",1,"Primary (some or complete)",8
"59134364519500000","KVIHC25",0,"Primary (some or complete)",5
"59134364678900000","KVIHC25",1,,
"59134329488400000","KVIHC26",0,"Primary (some or complete)",7
"59134329844100000","KVIHC26",1,"Primary (some or complete)",4
"59134330102500000","KVIHC26",0,"Post-secondary (some or complete)",13
"59134330254400000","KVIHC26",1,"No education",0
"59134330368900000","KVIHC26",0,"No education",0
"59134330457200000","KVIHC26",0,"Secondary (some or complete)",12
"59134330598500000","KVIHC26",0,"No education",0
"59135495790900000","KVIHC26",1,"Secondary (some or complete)",
"59134388500400000","KVIHC28",0,"Primary (some or complete)",8
"59134388713500000","KVIHC28",0,,
"59134388839200000","KVIHC28",1,"No education",0
"59134388927700000","KVIHC28",1,"Primary (some or complete)",1
"59134389021400000","KVIHC28",0,"Secondary (some or complete)",12
"59134397110200000","KVIHC28",1,"Primary (some or complete)",7
"59134397224700000","KVIHC28",0,"No education",0
"59136393602400000","KVIHC28",1,"Nursery/ Kindergarten",0
"59134423101700000","KVIHC29",0,"Secondary (some or complete)",11
"59134423416900000","KVIHC29",0,"Secondary (some or complete)",12
"59134423452600000","KVIHC29",0,"Primary (some or complete)",8
"59134423595500000","KVIHC29",0,"No education",0
"59135209695700000","KVIHC29",1,,
"59134381215900000","KVIHC30",0,"Primary (some or complete)",2
"59134381475600000","KVIHC30",0,"Primary (some or complete)",4
"59136142596200000","KVIHC30",,,
"59136372001000000","KVIHC30",,,
"59134363516700000","KVIHC31",0,"Primary (some or complete)",6
"59134363701600000","KVIHC31",0,"Secondary (some or complete)",12
"59134363827300000","KVIHC31",1,"Primary (some or complete)",4
"59134363925400000","KVIHC31",1,"Nursery/ Kindergarten",0
"59135815875900000","KVIHC31",0,"No education",0
"59136841980500000","KVIHC31",1,"Primary (some or complete)",8
"59134379470300000","KVIHC32",0,"Secondary (some or complete)",12
"59134379744000000","KVIHC32",0,"Post-secondary (some or complete)",13
"59134379935600000","KVIHC32",0,"Primary (some or complete)",8
"59134388055700000","KVIHC32",1,"No education",0
"59135418664400000","KVIHC32",0,"Secondary (some or complete)",12
"111137109718100000","KVIHC32",1,"Nursery/ Kindergarten",0
"59134337917700000","KVIHC33",0,"Primary (some or complete)",8
"59134338069600000","KVIHC33",1,"Secondary (some or complete)",10
"59134338164800000","KVIHC33",1,"Primary (some or complete)",5
"59134338283400000","KVIHC33",1,"Primary (some or complete)",2
"59134338415100000","KVIHC33",1,"Primary (some or complete)",7
"59134349543600000","KVIHC33",1,"Nursery/ Kindergarten",0
"59134380191400000","KVIHC34",0,"Primary (some or complete)",7
"59134380537400000","KVIHC34",1,"Secondary (some or complete)",10
"59134380768900000","KVIHC34",1,"Secondary (some or complete)",10
"59134380876100000","KVIHC34",0,"Primary (some or complete)",6
"59134380976500000","KVIHC34",1,"Primary (some or complete)",7
"59134381055000000","KVIHC34",1,"Primary (some or complete)",4
"59134310880900000","KVIHC35",0,"Secondary (some or complete)",10
"59134311227800000","KVIHC35",0,"Primary (some or complete)",8
"59134311451700000","KVIHC35",0,"Primary (some or complete)",7
"59134311651200000","KVIHC35",0,"No education",0
"59134311757400000","KVIHC35",1,"Primary (some or complete)",3
"59134311856300000","KVIHC35",1,"Nursery/ Kindergarten",0
"59134371287500000","KVIHC36",0,"Primary (some or complete)",7
"59134371497400000","KVIHC36",0,"Secondary (some or complete)",12
"59134371740300000","KVIHC36",1,"Primary (some or complete)",6
"60134423025500000","KVIHK01",0,"Primary (some or complete)",6
"60134423120200000","KVIHK01",1,"Nursery/ Kindergarten",0
"60134423190400000","KVIHK01",1,"No education",0
"60134423242700000","KVIHK01",0,"No education",0
"60134423294900000","KVIHK01",0,"No education",0
"60134423336400000","KVIHK01",1,"Nursery/ Kindergarten",0
"60134423402600000","KVIHK01",0,"Primary (some or complete)",8
"60134319396200000","KVIHK02",0,"Primary (some or complete)",2
"60134319647800000","KVIHK02",1,"Nursery/ Kindergarten",0
"60134319749300000","KVIHK02",1,"No education",0
"60134319760200000","KVIHK02",1,"Nursery/ Kindergarten",0
"60134319771800000","KVIHK02",0,"No education",0
"60134319778400000","KVIHK02",0,"No education",0
"60134371357700000","KVIHK05",0,"Primary (some or complete)",8
"60134371443800000","KVIHK05",1,"No education",0
"60134371511600000","KVIHK05",0,"No education",0
"60134379835600000","KVIHK06",0,"Primary (some or complete)",7
"60134380012300000","KVIHK06",0,"No education",0
"60134319997900000","KVIHK07",0,"Secondary (some or complete)",11
"60134320188800000","KVIHK07",0,"Primary (some or complete)",5
"60134320297300000","KVIHK07",1,"Nursery/ Kindergarten",0
"60134320309800000","KVIHK07",1,"Nursery/ Kindergarten",0
"60134320320200000","KVIHK07",0,,
"60135836279000000","KVIHK07",0,"No education",0
"60134451225400000","KVIHK09",0,"No education",0
"60134451233900000","KVIHK09",0,"Secondary (some or complete)",11
"60134451677200000","KVIHK09",0,"Primary (some or complete)",5
"60134570747900000","KVIHK09",1,"Nursery/ Kindergarten",0
"60134570806400000","KVIHK09",0,"Primary (some or complete)",8
"60134570851000000","KVIHK09",0,"Primary (some or complete)",8
"60134570891500000","KVIHK09",1,"Nursery/ Kindergarten",0
"60134570907800000","KVIHK09",0,"Primary (some or complete)",6
"60134570939600000","KVIHK09",0,"No education",0
"60134571048100000","KVIHK09",1,"Primary (some or complete)",3
"60134434472300000","KVIHK10",0,"Primary (some or complete)",8
"60134434497000000","KVIHK10",0,"Primary (some or complete)",8
"60134511272100000","KVIHK10",1,"Nursery/ Kindergarten",0
"60134511359700000","KVIHK10",1,"No education",0
"60134511367700000","KVIHK10",0,"No education",0
"60136695220400000","KVIHK10",0,"No education",0
"60134448546700000","KVIHK11",0,"Secondary (some or complete)",12
"60134448555800000","KVIHK11",0,"No education",0
"60134448564700000","KVIHK11",0,"No education",0
"60134449138400000","KVIHK11",0,"No education",0
"60134449147100000","KVIHK11",0,"No education",0
"60134398683400000","KVIHK13",0,"Primary (some or complete)",8
"60134398862700000","KVIHK13",1,"Nursery/ Kindergarten",0
"60134398932000000","KVIHK13",1,"Nursery/ Kindergarten",0
"60134399003700000","KVIHK13",0,"No education",0
"60134399079300000","KVIHK13",0,"No education",0
"60134399137700000","KVIHK13",0,"Secondary (some or complete)",10
"60134365404000000","KVIHK14",0,"Post-secondary (some or complete)",13
"60134365530100000","KVIHK14",0,"No education",0
"60134365589100000","KVIHK14",1,"Nursery/ Kindergarten",0
"60134365662900000","KVIHK14",1,"Nursery/ Kindergarten",0
"60134365723500000","KVIHK14",0,"No education",0
"60134365798400000","KVIHK14",0,"Secondary (some or complete)",10
"60134381014900000","KVIHK15",0,"Primary (some or complete)",4
"60134381107100000","KVIHK15",1,"Nursery/ Kindergarten",0
"60134381194800000","KVIHK15",1,"Nursery/ Kindergarten",0
"60134381261200000","KVIHK15",0,"No education",0
"60136194901100000","KVIHK15",1,,
"60134389594300000","KVIHK16",0,"Primary (some or complete)",8
"60134389742200000","KVIHK16",1,"Nursery/ Kindergarten",0
"60134389848300000","KVIHK16",1,"Nursery/ Kindergarten",0
"60134389948600000","KVIHK16",0,"No education",0
"60134382168100000","KVIHK17",0,"No education",0
"60134382361100000","KVIHK17",0,"Primary (some or complete)",8
"60134382470000000","KVIHK17",1,"Nursery/ Kindergarten",0
"60134382549000000","KVIHK17",1,"Nursery/ Kindergarten",0
"60134382626500000","KVIHK17",1,"No education",0
"60134382687600000","KVIHK17",0,"No education",0
"60134347482000000","KVIHK18",0,"Primary (some or complete)",6
"60134347683000000","KVIHK18",0,"Primary (some or complete)",3
"60134347769700000","KVIHK18",1,"Primary (some or complete)",
"60134347866200000","KVIHK18",0,"Primary (some or complete)",8
"60134347946200000","KVIHK18",0,"No education",0
"60134336915700000","KVIHK19",0,,
"60134337212700000","KVIHK19",0,"Secondary (some or complete)",9
"60134337304900000","KVIHK19",0,"No education",0
"60134337376400000","KVIHK19",0,"Post-secondary (some or complete)",13
"60134397255200000","KVIHK20",0,"Primary (some or complete)",7
"60134397334500000","KVIHK20",1,"Primary (some or complete)",8
"60134397405500000","KVIHK20",1,"Nursery/ Kindergarten",0
"60134397475300000","KVIHK20",1,"Nursery/ Kindergarten",0
"60134397551000000","KVIHK20",0,"No education",0
"60134397612400000","KVIHK20",0,"No education",0
"60134397669600000","KVIHK20",0,"Primary (some or complete)",8
"60134397695300000","KVIHK20",0,"No education",0
"60134397957600000","KVIHK21",0,"Secondary (some or complete)",12
"60134398085800000","KVIHK21",0,"Secondary (some or complete)",
"60134398182300000","KVIHK21",0,"Secondary (some or complete)",12
"60134398310700000","KVIHK21",1,"Nursery/ Kindergarten",0
"60134398375600000","KVIHK21",1,"Nursery/ Kindergarten",0
"60134423749000000","KVIHK22",0,"Primary (some or complete)",7
"60134423962200000","KVIHK22",0,"Primary (some or complete)",6
"60134424067100000","KVIHK22",0,"Secondary (some or complete)",10
"60134424129200000","KVIHK22",0,"Primary (some or complete)",7
"60134424205300000","KVIHK22",1,"Nursery/ Kindergarten",0
"60134424320400000","KVIHK22",1,"Nursery/ Kindergarten",0
"60134424387000000","KVIHK22",0,"No education",0
"60134388680600000","KVIHK23",0,"Primary (some or complete)",8
"60134388870700000","KVIHK23",0,"Primary (some or complete)",4
"60134372586100000","KVIHK24",0,"Primary (some or complete)",7
"60134372759400000","KVIHK24",0,"Secondary (some or complete)",12
"60134372834900000","KVIHK24",1,"Nursery/ Kindergarten",0
"60134372909300000","KVIHK24",0,"No education",0
"60134372960800000","KVIHK24",0,"Primary (some or complete)",8
"60134373050200000","KVIHK24",0,"No education",0
"60134373110200000","KVIHK24",1,"Nursery/ Kindergarten",0
"60134373200600000","KVIHK24",1,"Nursery/ Kindergarten",0
"60134373261400000","KVIHK24",1,,
"60134431800800000","KVIHK26",0,"Primary (some or complete)",13
"60134431991600000","KVIHK26",0,"Primary (some or complete)",7
"60134432160300000","KVIHK26",1,"Nursery/ Kindergarten",0
"60134432167800000","KVIHK26",1,"Nursery/ Kindergarten",0
"60134432180100000","KVIHK26",0,"Secondary (some or complete)",12
"60134362920000000","KVIHK29",0,"Primary (some or complete)",4
"60134363109500000","KVIHK29",0,"Secondary (some or complete)",12
"60134363207500000","KVIHK29",1,"Primary (some or complete)",8
"60134363304900000","KVIHK29",1,"Nursery/ Kindergarten",0
"60134363368800000","KVIHK29",1,"Nursery/ Kindergarten",0
"60134363427700000","KVIHK29",1,"Nursery/ Kindergarten",0
"60134363493400000","KVIHK29",1,"Nursery/ Kindergarten",0
"60134322152600000","KVIHK30",0,"Secondary (some or complete)",10
"60134322293100000","KVIHK30",1,"Nursery/ Kindergarten",0
"60134322391300000","KVIHK30",0,"Secondary (some or complete)",12
"60135227681100000","KVIHK30",0,,
"60134371809800000","KVIHK31",0,"Primary (some or complete)",7
"60134371895700000","KVIHK31",0,"Primary (some or complete)",4
"60134372070200000","KVIHK31",0,"Primary (some or complete)",6
"60134372156700000","KVIHK31",1,"Primary (some or complete)",
"60134372215900000","KVIHK31",1,"Primary (some or complete)",5
"60134372285200000","KVIHK31",1,,
"60135884252000000","KVIHK31",1,"Nursery/ Kindergarten",0
"60136095980800000","KVIHK31",1,"Nursery/ Kindergarten",0
"60136096137100000","KVIHK31",1,"Nursery/ Kindergarten",0
"60134338584200000","KVIHK32",0,"Secondary (some or complete)",10
"60134338737500000","KVIHK32",1,"Primary (some or complete)",
"60134338834600000","KVIHK32",1,"Primary (some or complete)",5
"60134338922500000","KVIHK32",1,"No education",0
"60134338982800000","KVIHK32",0,"No education",0
"60134339058500000","KVIHK32",0,"No education",0
"60134380370600000","KVIHK33",0,"Primary (some or complete)",7
"60134380559700000","KVIHK33",1,"Nursery/ Kindergarten",0
"60134380643200000","KVIHK33",1,"Nursery/ Kindergarten",0
"60134380706500000","KVIHK33",1,"Nursery/ Kindergarten",0
"60134380795300000","KVIHK33",1,"Primary (some or complete)",8
"60134389236400000","KVIHK34",0,"Secondary (some or complete)",12
"60134433892200000","KVIHK34",0,"Primary (some or complete)",7
"60134434026200000","KVIHK34",1,"Nursery/ Kindergarten",0
"60134434085400000","KVIHK34",1,"Nursery/ Kindergarten",0
"60134434132900000","KVIHK34",1,"Nursery/ Kindergarten",0
"60134434230600000","KVIHK34",0,"No education",0
"60134364733800000","KVIHK36",0,"Primary (some or complete)",5
"60134364877000000","KVIHK36",0,"Primary (some or complete)",3
"60134364950200000","KVIHK36",1,"No education",0
"60134365049300000","KVIHK36",1,"No education",0
"60134365109700000","KVIHK36",1,"Nursery/ Kindergarten",0
"60138507937600000","KVIHK36",,,
"60138508128900000","KVIHK36",,,
"60134406137900000","KVIHK38",0,"Primary (some or complete)",6
"60134406343100000","KVIHK38",1,"No education",0
"60134406421700000","KVIHK38",1,"Secondary (some or complete)",12
"60134424754100000","KVIHK39",0,"Post-secondary (some or complete)",13
"60134424910700000","KVIHK39",1,"Nursery/ Kindergarten",0
"60134425127300000","KVIHK39",1,,
"60134543832000000","KVIHK40",0,"Post-secondary (some or complete)",13
"60134543945100000","KVIHK40",1,"Nursery/ Kindergarten",0
"60134543950400000","KVIHK40",1,"No education",0
"60134547419200000","KVIHK40",0,"Post-secondary (some or complete)",13
"89136428585200000","KZIMA04",0,"Secondary (some or complete)",12
"89136428764400000","KZIMA04",1,,
"89136369003600000","KZIMA05",,,
"89136376471200000","KZIMA08",0,"Secondary (some or complete)",12
"89137058566800000","KZIMA08",0,"Secondary (some or complete)",12
"89137058618900000","KZIMA08",0,"No education",0
